first_name,last_name,gender,age,email,phone,city,state,country,join_date
Damyanti,Parekh,Male,69,fganguly@example.net,+917835720009,Hajipur,Uttarakhand,India,2024-06-27
Hiral,Borah,Female,55,tamannadasgupta@example.com,+913128623958,Kolhapur,Nagaland,India,2026-06-08
Zaid,Natt,Female,36,orinderbhalla@example.net,5671695711,Patna,Punjab,India,2021-07-29
Vrinda,Golla,Female,43,xmannan@example.net,08239119575,Nagaon,Punjab,India,2021-09-26
Qabil,Kibe,Male,53,vaidyabhavini@example.com,02232044302,Ujjain,Himachal Pradesh,India,2024-10-19
Anamika,Sule,Male,38,nihal63@example.net,07634283386,Navi Mumbai,Maharashtra,India,2026-01-26
Falan,Arora,Female,49,gkrishna@example.net,3703667897,Berhampur,Chhattisgarh,India,2025-04-08
Vedika,Ramakrishnan,Female,41,indalinarula@example.org,3539816876,Tinsukia,Arunachal Pradesh,India,2024-07-13
Qushi,Chawla,Male,44,ikshita57@example.net,05055240583,Aligarh,Assam,India,2024-09-24
Hemal,Bera,Male,54,reddyjagrati@example.com,5563272143,Amroha,Mizoram,India,2022-09-14
Osha,Date,Female,23,bhandarivedant@example.org,+919197932798,Bijapur,Bihar,India,2022-07-24
Shivani,Kumer,Male,29,shroffabhimanyu@example.net,9555589372,Gaya,Punjab,India,2026-02-27
Chavvi,Ramachandran,Male,60,yutika22@example.org,02931903838,Aligarh,Manipur,India,2024-02-07
Aadhya,Bhasin,Female,25,anthony73@example.net,+917695774238,Aizawl,Rajasthan,India,2022-10-06
Damyanti,Mody,Male,29,jatinratti@example.org,02681593376,Ranchi,Jharkhand,India,2024-07-05
Tanay,Babu,Male,30,palsaumya@example.org,5998996542,Hazaribagh,Chhattisgarh,India,2021-10-10
Kashvi,Johal,Female,53,nigamnakul@example.net,3068793953,Muzaffarpur,Karnataka,India,2023-01-17
Jhalak,Raghavan,Female,32,kchauhan@example.org,8346659166,Rajahmundry,Sikkim,India,2022-06-12
Lila,Johal,Female,22,okala@example.net,+915348034454,Darbhanga,Kerala,India,2026-04-12
Saanvi,Ramesh,Female,18,gsuri@example.org,8962820610,Unnao,Uttarakhand,India,2024-07-24
Atharv,Minhas,Male,44,devika11@example.net,01981188068,Fatehpur,Telangana,India,2026-03-15
Faras,Char,Male,21,vedahari@example.org,8670277609,Noida,Bihar,India,2023-03-02
Forum,Manda,Female,28,schander@example.net,04058189372,Gulbarga,Rajasthan,India,2025-10-22
Keya,Sangha,Male,44,ybasak@example.org,0928948084,Tiruvottiyur,Bihar,India,2025-10-21
Anika,Chacko,Male,65,uwali@example.com,7144517267,Dehradun,Karnataka,India,2023-04-22
Michael,Sahota,Male,47,yashicamajumdar@example.org,9239023900,Rourkela,Telangana,India,2024-09-09
Dayita,Nagy,Male,22,mohankevin@example.com,0697092486,Vellore,Sikkim,India,2026-05-10
Forum,Sem,Female,34,hpurohit@example.com,+918918776779,Ballia,Bihar,India,2022-01-25
Upkaar,Patla,Male,63,ranaodika@example.org,+914048673675,Ahmedabad,Kerala,India,2023-02-10
Hemal,Sethi,Male,56,ypandit@example.com,7966661012,Srikakulam,Kerala,India,2024-01-18
Aishani,Loyal,Female,65,doctorpanini@example.net,06499927565,Vellore,Jharkhand,India,2024-02-14
Simon,Sharma,Female,43,georgesankaran@example.com,07693948631,Tenali,Manipur,India,2023-03-20
Dakshesh,Halder,Male,69,vchandran@example.org,+919040310714,Fatehpur,Chhattisgarh,India,2025-06-29
Udarsh,Sunder,Female,70,yadavikeer@example.net,09435900159,Purnia,Odisha,India,2021-09-09
Baghyawati,Bava,Female,22,aachal44@example.net,+910966134198,Saharsa,West Bengal,India,2025-05-21
Teerth,Kant,Female,22,girikdhaliwal@example.org,04663245270,Kumbakonam,Madhya Pradesh,India,2021-11-10
Harini,Arya,Male,18,ikbalgoda@example.org,+918915707849,Purnia,Odisha,India,2025-09-25
Vasudha,Rout,Female,37,aachal35@example.com,4220772343,Visakhapatnam,Madhya Pradesh,India,2026-01-23
Saumya,Dara,Male,35,petersur@example.net,5541792629,Korba,West Bengal,India,2023-04-11
Yauvani,Bajaj,Female,29,obhandari@example.com,+912517077155,Varanasi,Gujarat,India,2022-04-14
Faras,Sethi,Male,65,ronithravel@example.org,09431282686,Hosur,Bihar,India,2021-09-21
Gautam,Hayre,Female,57,rpatla@example.org,04340364784,Jamalpur,Manipur,India,2023-04-16
Hiral,Sant,Female,26,djhaveri@example.com,+910103979680,Karawal Nagar,Goa,India,2023-10-30
Priya,Saxena,Female,60,bariajalsa@example.com,08283741205,Saharanpur,Assam,India,2026-01-19
Ria,Dhaliwal,Male,26,riamurty@example.org,+912915746831,Bhusawal,Telangana,India,2024-07-15
Anika,Hayer,Male,62,kaleethan@example.org,03704424092,Jalgaon,Haryana,India,2026-02-05
Adweta,Parmar,Female,31,praneel38@example.org,04248121934,Firozabad,Jharkhand,India,2025-02-20
Kala,Goswami,Female,40,obawa@example.net,01280841719,Gorakhpur,West Bengal,India,2024-08-16
Shivani,Pillai,Male,47,iramakrishnan@example.net,+910692928752,Sasaram,Uttarakhand,India,2023-07-11
Kavya,Krishnamurthy,Male,45,qpal@example.net,00352447137,Kulti,Odisha,India,2022-03-23
Eesha,Deol,Female,70,nadigdarpan@example.net,4763546543,Shivpuri,Andhra Pradesh,India,2021-07-19
Mitesh,Mohanty,Male,26,chandani71@example.com,5032644655,Ramagundam,Rajasthan,India,2024-01-17
Meera,Kannan,Female,37,gaurikashroff@example.net,9740270344,Raurkela Industrial Township,Tripura,India,2022-09-23
Ayushman,Khanna,Male,42,balaom@example.org,05132409973,Pimpri-Chinchwad,Manipur,India,2024-06-29
Diya,Thakkar,Female,43,ghoshsara@example.org,8719986148,Nashik,Telangana,India,2023-01-14
Rachit,Sule,Female,35,valaaryan@example.org,00385078616,Bokaro,Maharashtra,India,2026-06-07
Chameli,Kunda,Female,65,davidbhatti@example.com,4013850168,Madhyamgram,Mizoram,India,2025-03-03
Balhaar,Dora,Male,66,kamya50@example.com,7193510121,Mehsana,Mizoram,India,2025-06-25
Odika,Bumb,Female,42,praneelbalakrishnan@example.net,6361819831,Davanagere,Haryana,India,2023-03-19
Jason,Mitter,Male,43,thamanwishi@example.net,7280281360,Visakhapatnam,Punjab,India,2022-09-29
Megha,Mittal,Female,38,veda58@example.com,+910771844134,Ballia,Karnataka,India,2026-01-22
Aarini,Yohannan,Male,29,kgill@example.com,+910310035925,Pimpri-Chinchwad,Odisha,India,2024-06-04
Shaurya,Wagle,Male,49,neha49@example.com,+919528291751,Agartala,Rajasthan,India,2024-12-20
Mason,Nanda,Female,24,dixitabhimanyu@example.com,+911909240172,Delhi,Kerala,India,2025-05-24
Lopa,Prakash,Female,57,hemaahuja@example.com,+914282464946,Ichalkaranji,Karnataka,India,2023-01-13
Dhriti,Datta,Female,59,kashvi03@example.org,+915699234775,Kolkata,Tamil Nadu,India,2025-04-07
Aayush,Chaudhari,Female,32,tkapoor@example.com,1901615944,Haldia,Arunachal Pradesh,India,2024-07-07
Triya,Lata,Male,46,meghachandran@example.org,00679375486,North Dumdum,Arunachal Pradesh,India,2025-06-03
Advik,Minhas,Male,44,dakshasarin@example.org,06729293945,Amritsar,Tripura,India,2025-05-23
Madhavi,Rau,Female,54,danioeshi@example.net,6233542721,Durgapur,Goa,India,2023-12-06
Henry,Choudhry,Female,32,maya43@example.org,+912774591923,Motihari,Madhya Pradesh,India,2024-09-08
Noah,Dasgupta,Female,62,jalsahari@example.net,3960919928,Bhilwara,Uttar Pradesh,India,2023-12-20
Urmi,Prabhakar,Male,32,tejas91@example.org,7318920697,Bhilai,Kerala,India,2023-06-26
Gavin,Bains,Male,45,dashradha@example.com,05992661647,Patiala,Maharashtra,India,2025-03-21
Matthew,Vala,Female,55,abhakta@example.net,09192040116,Dhule,Manipur,India,2025-12-21
Ishani,Deshmukh,Male,44,alka24@example.com,06452129757,Pudukkottai,Punjab,India,2021-12-08
Nachiket,Shanker,Male,61,trivenimahal@example.com,02018090873,Uluberia,Uttarakhand,India,2026-05-07
Pavani,Swamy,Male,66,znaik@example.net,6367157654,Dehradun,Odisha,India,2025-04-17
Kalpit,Anand,Female,39,omsidhu@example.net,05063324206,Silchar,Bihar,India,2022-12-03
Alka,Rao,Male,66,tgoda@example.org,02691905989,Gwalior,Uttarakhand,India,2023-02-13
Yashodhara,Soman,Male,69,chaitalysridhar@example.net,+918050758341,Vijayawada,Tamil Nadu,India,2023-12-14
Naksh,Sagar,Female,33,radhatara@example.net,+915276938803,Mango,Mizoram,India,2022-05-10
Urmi,Deshmukh,Female,57,damyantisampath@example.net,9947213054,Nagaon,Manipur,India,2021-09-10
Xavier,Tata,Male,32,utkarsh61@example.com,+919431383682,Sagar,Gujarat,India,2026-04-23
Alka,Dhaliwal,Male,19,doctorvrishti@example.net,02748106681,Maheshtala,Gujarat,India,2025-09-29
Tarak,Wali,Male,36,subramaniamlakshit@example.net,2710031513,Silchar,Maharashtra,India,2025-12-31
Gaurang,Shankar,Male,45,theodore80@example.net,3338509034,Kolhapur,Gujarat,India,2025-08-29
Megha,Ramesh,Female,54,max25@example.com,07781865577,Muzaffarnagar,Tripura,India,2025-05-18
Damini,Vig,Female,26,mnagi@example.com,+917187086781,Mumbai,Mizoram,India,2025-09-11
Champak,Varma,Female,58,hritik46@example.org,08037275908,Amroha,Himachal Pradesh,India,2021-10-11
Yadavi,Dewan,Female,34,gulatichanchal@example.org,7739272516,Buxar,Madhya Pradesh,India,2022-08-26
Rajata,Bumb,Female,39,veer77@example.net,+912831119599,Sasaram,Odisha,India,2025-02-12
Fiyaz,Bir,Female,23,faras33@example.com,+919559589560,Siliguri,Jharkhand,India,2023-08-15
Kavya,Balakrishnan,Male,56,samar08@example.net,01377720877,Nandyal,Uttarakhand,India,2024-07-22
Vrishti,Sane,Male,26,sharmafalguni@example.com,0815975540,Rajpur Sonarpur,Punjab,India,2023-05-02
Gautami,Kale,Male,69,kalamohini@example.org,+919324135693,Surendranagar Dudhrej,Haryana,India,2025-05-01
Simon,Bumb,Female,36,omkalita@example.com,0961930607,Tiruchirappalli,Karnataka,India,2026-04-26
Frado,Chaudhuri,Female,66,pranithans@example.org,00352069096,Dibrugarh,Rajasthan,India,2023-11-05
Arunima,Varty,Male,70,kulkarnikashvi@example.net,02930181891,Avadi,Sikkim,India,2025-06-27
Yuvraj,Babu,Female,58,sai51@example.com,+914174231631,Tezpur,Uttarakhand,India,2024-06-09
Sai,Banik,Male,41,kaurjason@example.net,09892964047,Khammam,Andhra Pradesh,India,2025-01-30
Jai,Bera,Male,33,kiaan85@example.com,5741427090,Bulandshahr,Chhattisgarh,India,2023-10-25
Finn,Chahal,Male,35,balvanprabhakar@example.net,+915205076427,Tinsukia,Arunachal Pradesh,India,2023-03-05
Jatin,Pandya,Male,26,jkhatri@example.net,07046933144,Chennai,Rajasthan,India,2023-09-13
Zaid,Aurora,Male,46,kloyal@example.org,+918342450265,Ratlam,Gujarat,India,2021-12-22
Janya,Chopra,Male,62,siya32@example.net,9207121969,Anantapuram,Arunachal Pradesh,India,2023-11-13
Anthony,Munshi,Male,23,idika20@example.org,4555489080,Ozhukarai,West Bengal,India,2025-10-10
Aishani,Pall,Female,70,fnarayanan@example.net,9293744476,Bidar,Bihar,India,2024-05-13
Mason,Bhatnagar,Female,56,gopalratta@example.org,+916059948835,Bahraich,Telangana,India,2024-09-16
Veda,Sharaf,Female,26,patelpriya@example.org,00300274760,Tinsukia,Bihar,India,2023-10-05
Rachit,Gole,Female,27,ishwar71@example.org,+918059639238,Mango,Karnataka,India,2025-12-06
Theodore,Shroff,Female,24,chaudharypranit@example.org,09066023231,New Delhi,Maharashtra,India,2023-02-17
Ekanta,Kashyap,Male,35,nidra80@example.com,00810872165,Kulti,Haryana,India,2024-06-19
Mugdha,De,Female,56,hsengupta@example.net,+916295653304,Chandigarh,Karnataka,India,2025-01-19
Harrison,Kapadia,Male,34,froy@example.org,+916884562024,Bikaner,Meghalaya,India,2023-08-12
Kala,Kari,Male,42,meghananagar@example.com,+913307450689,Jalandhar,Uttar Pradesh,India,2023-12-13
Manan,Rattan,Male,36,indrajitmore@example.org,06496492955,Srinagar,Nagaland,India,2026-02-03
Ojasvi,Morar,Male,23,amairahanda@example.net,+913608151796,Rajpur Sonarpur,Bihar,India,2026-03-29
Andrew,Hayer,Male,59,bborah@example.com,00439559407,Kota,Tripura,India,2024-07-25
Samarth,Ray,Male,33,meera01@example.org,7112934787,Muzaffarnagar,Manipur,India,2024-04-04
Oviya,Vala,Male,60,ayaantank@example.org,08828381352,Kalyan-Dombivli,Manipur,India,2024-10-13
Vihaan,Dayal,Female,58,yugkhanna@example.com,+918735721809,Amaravati,West Bengal,India,2023-06-13
Adweta,Rama,Male,66,kai65@example.org,6604557644,Tenali,Assam,India,2024-10-05
Aarini,Palan,Female,59,niharika58@example.net,3672604558,Ballia,Andhra Pradesh,India,2023-07-11
Vasudha,Shroff,Male,66,saanvi77@example.com,03820142092,Jammu,Punjab,India,2021-08-21
Tristan,Varughese,Female,44,madhavi62@example.org,+911926325461,Sirsa,Uttar Pradesh,India,2022-01-08
Aadi,Mukhopadhyay,Male,61,yug96@example.com,6680262337,Phusro,Kerala,India,2025-01-01
Jagat,Sahni,Female,22,nchadha@example.net,+918834013714,Kakinada,Karnataka,India,2023-05-08
Edhitha,Sama,Female,54,mohammedpathak@example.net,6588614056,Kalyan-Dombivli,Kerala,India,2025-11-09
Dakshesh,Bal,Female,41,bhasinnaksh@example.com,08157696720,Aizawl,Assam,India,2025-06-13
Chanchal,Misra,Female,28,miteshshan@example.com,+917169722799,Panvel,Kerala,India,2023-06-15
Prisha,Banik,Female,54,loyalbrinda@example.net,2642663944,Tenali,Maharashtra,India,2022-07-16
Simon,Tailor,Male,33,uguha@example.com,6443603875,Bhiwandi,Andhra Pradesh,India,2023-07-24
Falguni,Baral,Female,67,menonyasti@example.com,04295362487,Sonipat,Rajasthan,India,2026-06-06
Manya,Shroff,Male,23,akshay43@example.org,4829092653,Jaipur,Assam,India,2025-07-29
Ranveer,Bera,Female,68,karasamarth@example.org,04902491179,Amritsar,Nagaland,India,2022-01-22
Fiyaz,Mangat,Female,45,urviwalla@example.net,+916081657724,Malegaon,Tamil Nadu,India,2026-04-24
Arya,Guha,Male,54,jainekaja@example.net,01366391464,Kamarhati,West Bengal,India,2022-02-04
Charan,Randhawa,Male,44,rakshalala@example.com,02860364382,Adoni,Goa,India,2024-08-11
Anjali,Mohanty,Male,51,gchopra@example.com,01700048096,Adoni,Chhattisgarh,India,2026-02-07
Leena,Bhakta,Male,24,raagini57@example.net,09728710105,Sultan Pur Majra,Arunachal Pradesh,India,2023-05-01
Nidra,Divan,Female,28,ibhatt@example.org,9729853584,Hapur,Uttarakhand,India,2021-09-30
Faraj,Bose,Male,42,siddharth69@example.org,9215089484,Firozabad,Jharkhand,India,2022-06-04
Ayush,Buch,Male,35,gayathrimorar@example.com,03912136890,Amravati,Goa,India,2026-04-11
Tanish,Ravi,Female,39,lallaadvay@example.net,+912757676199,Karawal Nagar,Nagaland,India,2023-08-21
Mugdha,Prakash,Female,57,sahnikaran@example.net,9582801211,Jorhat,Kerala,India,2021-10-05
Zilmil,Wali,Female,48,jhalak17@example.org,+911597183685,Berhampur,Mizoram,India,2024-08-31
Manbir,Sethi,Female,43,iravi@example.com,7820591030,Jaipur,Jharkhand,India,2023-04-28
Chakradhar,Sundaram,Female,27,tchowdhury@example.org,+919734958940,Coimbatore,Odisha,India,2024-03-08
Samaksh,Murty,Male,70,anirudhgoda@example.net,07617381958,Erode,Tamil Nadu,India,2023-07-05
Mohammed,Saxena,Male,25,evarghese@example.org,+910902650862,Ludhiana,Odisha,India,2026-03-16
William,Divan,Female,26,dalaja51@example.net,+912073514935,Arrah,Andhra Pradesh,India,2023-05-19
Daksh,Bhasin,Female,54,modyfrederick@example.com,9686333031,Mumbai,Sikkim,India,2023-05-14
Karan,Bajaj,Male,27,vasatika82@example.com,00860487815,Madurai,Kerala,India,2022-09-01
George,Balakrishnan,Female,35,dwali@example.com,+919627469395,Ichalkaranji,Meghalaya,India,2023-04-27
Ojasvi,Varty,Male,37,anjali53@example.org,5729425611,Mirzapur,Bihar,India,2023-09-06
Amruta,Deshmukh,Male,45,forum35@example.net,8158377523,Chandigarh,Arunachal Pradesh,India,2023-06-20
Tamanna,Wable,Female,64,qarin56@example.net,+915917111085,Ujjain,Meghalaya,India,2022-11-12
Isaac,Aggarwal,Female,19,jonathanvenkatesh@example.org,+913010655974,Rajahmundry,Madhya Pradesh,India,2023-01-30
Ekanta,Prakash,Male,30,tanmayi05@example.com,3462335031,Kavali,Haryana,India,2026-07-09
Lakshmi,Ravi,Female,50,janakikarpe@example.com,01577818684,Imphal,Karnataka,India,2023-01-09
Gaurika,Savant,Female,49,upkaarmajumdar@example.net,0235626311,Kakinada,Odisha,India,2021-12-26
Lohit,Sampath,Male,31,bhagatindrajit@example.net,00351082727,Alwar,Jharkhand,India,2025-06-04
Ikshita,Sama,Female,18,tandonarunima@example.com,07868712129,Chandrapur,Maharashtra,India,2026-04-19
Edhitha,Krishnamurthy,Male,19,jagat40@example.org,01832620429,Ozhukarai,Nagaland,India,2025-03-11
Charita,Narula,Female,20,muttijonathan@example.net,4002223465,Darbhanga,Mizoram,India,2025-04-07
Manthan,Chanda,Male,54,osha27@example.com,02319793720,Agartala,Goa,India,2023-06-30
Vinaya,Vohra,Female,39,isaiahsundaram@example.org,2862480717,Chandrapur,Maharashtra,India,2025-05-18
Anita,Dhar,Female,29,upasna06@example.net,06952918830,Kurnool,Arunachal Pradesh,India,2021-12-12
Vrinda,Yohannan,Male,52,roykavya@example.net,+915135977987,Bardhaman,Maharashtra,India,2022-08-05
Samar,Nazareth,Male,60,omyaminhas@example.com,05323441281,Nashik,Arunachal Pradesh,India,2026-02-18
Jasmit,Gole,Male,39,swamyanjali@example.net,00773777075,Jhansi,Telangana,India,2024-10-11
Zehaan,Hegde,Male,48,gauri14@example.org,6917624280,Purnia,Uttar Pradesh,India,2023-05-30
Kalpit,Patla,Male,18,vsur@example.net,+911644913398,Kota,Andhra Pradesh,India,2023-01-13
Bakhshi,Kaul,Female,54,odave@example.org,0027423242,North Dumdum,Karnataka,India,2023-12-26
Arin,Kale,Female,24,atwalumang@example.com,05559449573,Narasaraopet,Telangana,India,2026-06-15
Vinaya,D’Alia,Male,23,gabachandani@example.org,09550628485,Guntur,Sikkim,India,2024-12-16
Pranit,Yadav,Male,27,hemagupta@example.org,09985085607,Agartala,Himachal Pradesh,India,2025-01-06
Meera,Raval,Male,29,shravya71@example.com,02184384151,Hindupur,Madhya Pradesh,India,2024-09-22
Aadhya,Gera,Male,46,upadhyaynaksh@example.net,+914843102541,Gangtok,Tamil Nadu,India,2025-08-21
Ansh,Saran,Female,59,bajwaatharv@example.net,4032735227,Ludhiana,Chhattisgarh,India,2023-11-03
Onveer,Sheth,Female,35,hsekhon@example.net,7497925148,Mirzapur,Nagaland,India,2025-06-03
Ekavir,Lalla,Female,35,rattanjanaki@example.org,+918173499241,Davanagere,Sikkim,India,2023-12-10
Varsha,Chaudhuri,Male,51,alka66@example.com,09886150509,Vadodara,Tamil Nadu,India,2024-08-21
Shivansh,Reddy,Male,40,baljiwan90@example.com,+915441410673,Serampore,Manipur,India,2023-10-16
Jagvi,Padmanabhan,Male,52,xdeshmukh@example.com,08610584352,Thane,Odisha,India,2022-05-26
Pranav,Srinivas,Male,37,meerakadakia@example.org,2852883008,Aizawl,Jharkhand,India,2022-05-13
Dalbir,Tara,Female,64,pchander@example.net,03510260959,Firozabad,Rajasthan,India,2024-10-26
Tarak,Keer,Female,67,eesharaman@example.net,5745869718,Navi Mumbai,Madhya Pradesh,India,2024-09-11
Odika,Naik,Female,40,anandmanya@example.org,7399425476,Thoothukudi,Punjab,India,2023-12-04
Harsh,Sood,Female,54,wallaudarsh@example.org,9119001272,Danapur,Tripura,India,2024-09-20
Sara,Loyal,Male,19,liam15@example.org,4117692310,Durg,Tripura,India,2023-06-08
Jagat,Puri,Female,55,rseshadri@example.com,06794996865,Meerut,Assam,India,2025-11-07
Saumya,Dugar,Female,52,bina33@example.org,+916549211856,Mahbubnagar,Kerala,India,2025-11-28
Vasana,Pandey,Male,37,tanmayi92@example.org,01880379147,Bhagalpur,Bihar,India,2021-10-25
Garima,Thakur,Male,55,vaidyaronith@example.net,+918720153036,Karaikudi,Maharashtra,India,2025-09-01
Ranbir,Divan,Female,62,aadhya86@example.net,01511322551,Kakinada,Assam,India,2022-03-19
Om,Parekh,Male,58,bpillai@example.com,+916140572274,Cuttack,Tripura,India,2022-10-28
Vasana,Date,Male,59,rcontractor@example.org,+918948116602,Katihar,Arunachal Pradesh,India,2021-08-12
Balvan,Dube,Female,47,choudharyosha@example.net,02584867692,Jamalpur,Mizoram,India,2024-03-14
Mason,Ghose,Male,60,paninidhar@example.com,6381947096,Firozabad,Punjab,India,2025-01-07
Aahana,Puri,Female,31,naveenhora@example.net,8490426859,Narasaraopet,Tamil Nadu,India,2023-04-13
Nitara,Varma,Male,68,sulejeremiah@example.net,4740343083,Hazaribagh,Odisha,India,2023-07-30
Amrita,Seth,Male,47,cherianfrado@example.com,+917180095545,Bhopal,Rajasthan,India,2025-03-07
Om,Mahajan,Male,28,taraoza@example.org,04365651101,Burhanpur,Uttarakhand,India,2023-06-28
Vritti,Chadha,Male,32,deolrajata@example.net,6252904026,Ghaziabad,Meghalaya,India,2025-04-16
Peter,Bahl,Male,37,upma93@example.net,+918976603722,Pondicherry,West Bengal,India,2024-12-07
Raagini,Zachariah,Male,54,dhawanmugdha@example.com,06677645316,Siwan,Arunachal Pradesh,India,2023-10-03
Lajita,Sarin,Male,34,ekantikaprasad@example.org,08232721702,Dindigul,Punjab,India,2025-04-26
Akshay,Jhaveri,Female,31,pbhardwaj@example.org,00953347581,Bilaspur,Sikkim,India,2023-02-10
Alka,Bajwa,Male,32,aradhana95@example.org,+916980670569,Hajipur,Punjab,India,2024-02-11
Yatin,Dewan,Female,28,jagat56@example.org,4087167906,Nagercoil,Karnataka,India,2022-09-16
Yashica,Garde,Male,46,korpalkaran@example.org,01059971265,Guntur,Meghalaya,India,2021-08-04
Falak,Raja,Female,45,qgill@example.net,06206378924,Bhiwandi,Tripura,India,2023-06-09
Zaid,Dhillon,Female,38,idikamaster@example.com,09259630038,Raurkela Industrial Township,Sikkim,India,2021-12-22
Bhavna,Doctor,Male,49,fariqshere@example.com,+911301143647,Kochi,Bihar,India,2022-12-06
Geetika,Pandit,Female,34,ubrar@example.org,07260499997,Chennai,Mizoram,India,2025-05-06
Dayamai,Balay,Male,42,waida38@example.net,9122139570,Maheshtala,Tripura,India,2025-08-25
Praneel,Hari,Male,18,zdubey@example.org,07548019119,Kanpur,Assam,India,2026-04-15
Vaishnavi,Bhandari,Male,58,triyadugar@example.com,8876784081,Proddatur,Jharkhand,India,2023-03-29
Vanya,Suri,Female,29,advaysubramanian@example.net,09463149721,Hubli–Dharwad,Maharashtra,India,2025-06-13
Balvan,Narain,Male,39,xgole@example.com,6028244943,Kadapa,Manipur,India,2025-07-27
Yash,Mukhopadhyay,Male,30,keerfrederick@example.org,1901784364,Karnal,Gujarat,India,2024-08-29
Tejas,Sen,Female,27,jeevika23@example.org,04453966946,Mangalore,Rajasthan,India,2024-09-22
Hitesh,Tailor,Male,64,ashere@example.net,03408294956,Panipat,Maharashtra,India,2022-03-18
Libni,Ramesh,Male,51,fjohal@example.org,09785870670,Kanpur,Odisha,India,2023-06-26
Daksh,Kapur,Male,58,doshitanveer@example.com,01902119664,Siwan,Odisha,India,2023-01-02
Vincent,Pathak,Male,66,fshetty@example.com,4756354685,Cuttack,West Bengal,India,2025-10-10
Bimala,Rastogi,Male,51,keyaagarwal@example.org,+914297896400,Bhiwani,Sikkim,India,2023-01-07
Quincy,Bhatia,Male,35,chakradharzachariah@example.org,00725189501,Serampore,Odisha,India,2023-04-11
Prisha,Chauhan,Female,29,reyansh07@example.com,00866023119,Yamunanagar,Bihar,India,2024-03-21
Chaaya,Lad,Female,29,lalladeepa@example.net,00700154991,Panihati,Himachal Pradesh,India,2023-06-14
Nicholas,Yohannan,Male,40,riajhaveri@example.org,+919041097757,Salem,Tamil Nadu,India,2026-03-11
Wridesh,Sodhi,Male,18,siddharthdhingra@example.org,08628561663,Latur,Goa,India,2026-01-19
Finn,Barad,Female,31,chakradharparikh@example.org,9814200844,Shivpuri,Uttar Pradesh,India,2026-05-18
Bachittar,Master,Female,40,siya67@example.org,7254141717,New Delhi,Rajasthan,India,2021-10-07
Zinal,Mutti,Male,24,maharajsai@example.net,8207986892,Pudukkottai,Uttar Pradesh,India,2024-05-07
Janya,Kibe,Female,29,vasudha34@example.org,01500872927,Bettiah,Arunachal Pradesh,India,2022-08-30
Vedika,Lala,Male,34,janakibhasin@example.net,3561078757,Sangli-Miraj & Kupwad,Assam,India,2025-02-13
Liam,Sundaram,Male,19,prishachopra@example.org,03943511970,Kumbakonam,Goa,India,2024-08-05
Lohit,Ramaswamy,Female,59,yadavijaggi@example.net,3601856397,Jammu,Arunachal Pradesh,India,2023-06-13
Yuvraj,Choudhury,Male,41,lallajoshua@example.net,9150586759,Varanasi,Telangana,India,2025-10-27
Rudra,Nazareth,Female,57,abhirampillay@example.net,+911211780683,Jabalpur,Uttar Pradesh,India,2023-05-02
Advika,Varghese,Male,30,cbadami@example.org,0242618941,Panipat,Arunachal Pradesh,India,2026-01-08
Jhalak,Ramaswamy,Male,47,slata@example.org,00898258532,Shimoga,Goa,India,2022-06-12
Tanish,Gulati,Female,56,triya62@example.com,01751018522,Rajkot,West Bengal,India,2022-11-28
Laksh,Menon,Male,31,dsaxena@example.org,+918785161644,Vijayawada,Tripura,India,2022-04-11
Adya,Borra,Female,31,zbobal@example.org,+911073548014,Morbi,Uttar Pradesh,India,2024-09-18
Noah,Dasgupta,Male,50,brinda07@example.org,+914519266107,Ahmedabad,Gujarat,India,2025-10-31
Zehaan,Nagar,Female,68,lalldevansh@example.com,2616772389,Noida,Uttarakhand,India,2026-01-03
Netra,Wali,Female,51,tdugar@example.net,8371956570,Medininagar,Arunachal Pradesh,India,2025-05-08
Girindra,Sachar,Female,69,omtrivedi@example.org,03070201280,Shimoga,Himachal Pradesh,India,2021-08-25
Nisha,Shan,Male,69,hredhaanparikh@example.net,+912523387933,Jehanabad,Arunachal Pradesh,India,2023-09-14
Ayushman,Bhargava,Male,57,narangharita@example.com,02267455474,Raichur,Chhattisgarh,India,2025-09-23
Radhika,Rajagopal,Male,24,nchandran@example.net,04062991594,Vijayawada,Bihar,India,2025-09-19
Watika,Handa,Male,47,hemanibal@example.org,0526826617,Bidhannagar,Bihar,India,2024-12-08
Yuvraj,Deshpande,Female,58,sgade@example.net,06396948598,Bharatpur,Andhra Pradesh,India,2023-03-12
Dalbir,Khurana,Female,34,aishani95@example.com,02698313234,Durgapur,Himachal Pradesh,India,2025-11-01
Ekiya,Dar,Male,42,agastyabhardwaj@example.org,07354682810,Dharmavaram,Telangana,India,2022-01-06
Pushti,Lanka,Male,20,sathvik28@example.com,+919115858372,Khammam,Assam,India,2024-07-07
Dipta,Bhalla,Male,28,priyabedi@example.net,3234091418,Katni,Kerala,India,2026-06-06
Advika,Thaman,Male,70,mahalaarini@example.com,6705561195,Bally,Assam,India,2025-09-10
Ojasvi,Kalita,Male,32,ansh67@example.net,+912820572231,Ulhasnagar,Tamil Nadu,India,2022-07-04
Ishanvi,Bawa,Male,67,masterijaya@example.org,5112938365,Vasai-Virar,Gujarat,India,2023-01-14
Ekavir,Comar,Male,62,warriorfaraj@example.com,04704830356,Tirunelveli,Odisha,India,2026-01-08
Ayushman,Barad,Female,22,qsarraf@example.net,08181000242,Darbhanga,Goa,India,2022-03-19
Udarsh,Mukherjee,Female,65,arout@example.com,3516266634,Pali,West Bengal,India,2025-03-04
Qarin,Om,Male,63,devsethi@example.net,9308392112,Varanasi,Sikkim,India,2022-04-04
Brijesh,Verma,Female,55,krishnaagate@example.com,+917191592359,Navi Mumbai,Nagaland,India,2023-08-23
Guneet,Varty,Male,34,ikale@example.net,+913619498280,Burhanpur,Bihar,India,2022-10-08
Jonathan,Rama,Female,42,ide@example.com,3480428253,Ichalkaranji,Meghalaya,India,2022-05-03
Devika,Singh,Male,46,darshmunshi@example.org,7552523345,Anand,West Bengal,India,2026-01-19
Geetika,Singh,Female,34,usanghvi@example.org,+919556204204,Bikaner,Haryana,India,2021-11-02
Saumya,Tella,Female,70,yamini46@example.org,4135397962,Srinagar,Tripura,India,2021-10-08
Raghav,Shah,Male,48,niharikaraj@example.com,3164134637,Bally,Telangana,India,2022-05-26
Parth,Shah,Female,51,acharyachakrika@example.org,4999489697,Suryapet,Uttarakhand,India,2026-02-12
Radha,Kurian,Female,68,ekani41@example.net,00581747044,Serampore,Assam,India,2025-11-23
Abeer,Gopal,Male,25,jyoti10@example.org,04190441035,Bhubaneswar,Karnataka,India,2024-01-20
Gabriel,Chada,Male,40,laban59@example.org,05528307262,Yamunanagar,Uttar Pradesh,India,2024-01-06
Advay,Lata,Female,42,upadhriti21@example.net,8493379382,Deoghar,Karnataka,India,2022-05-14
Anthony,Lata,Male,30,luckyhans@example.org,5085908627,Gaya,Tamil Nadu,India,2023-01-05
Arya,Palla,Female,66,zachariahabhimanyu@example.com,02437112856,Panipat,Arunachal Pradesh,India,2023-09-18
Shivani,Mitter,Male,32,zehaan42@example.org,7602909180,Shivpuri,Jharkhand,India,2022-05-12
Advik,Nadkarni,Male,30,gautami02@example.com,+912333525500,Satara,Manipur,India,2024-12-21
Ekanta,Bahl,Male,31,mahajanpushti@example.org,+915273592563,Rohtak,Karnataka,India,2025-03-08
Darsh,Magar,Male,18,hamsiniamble@example.org,0456840397,Phusro,Maharashtra,India,2022-10-15
Yamini,Munshi,Female,62,rkapur@example.org,+912940047283,Gangtok,Haryana,India,2022-08-14
Yauvani,Ramesh,Male,35,dakshesh02@example.com,+917055410182,Haridwar,Chhattisgarh,India,2024-11-30
Jeremiah,Sami,Male,65,bumbvasatika@example.net,5232964376,Vasai-Virar,Tamil Nadu,India,2023-06-20
Aadhya,Rai,Male,52,sachdevmohammed@example.com,4610923142,Delhi,Arunachal Pradesh,India,2023-01-05
Adya,Basu,Male,48,wagrawal@example.net,09837921247,Ludhiana,Tamil Nadu,India,2026-02-07
Mekhala,Bansal,Female,19,guptaviraj@example.net,+914998338960,Kottayam,Uttarakhand,India,2021-11-30
Bhavika,Agrawal,Female,32,urishilla45@example.net,+910985134434,Sangli-Miraj & Kupwad,Odisha,India,2026-06-30
Irya,Wagle,Female,47,gsharaf@example.com,00244784024,Bidar,Kerala,India,2024-03-30
Nidhi,Vig,Female,49,sudiksha83@example.net,+916453472789,Malegaon,Meghalaya,India,2024-12-28
Rajeshri,Prasad,Female,41,wbajaj@example.com,+915960326808,Korba,Odisha,India,2025-08-19
Chakradhar,Rastogi,Female,27,lavanya24@example.com,05390422206,Durgapur,Meghalaya,India,2024-12-23
Aditya,Doctor,Male,30,shivansh05@example.com,5811930603,Patiala,Karnataka,India,2023-04-24
Maanav,Ravi,Female,44,ladhardik@example.org,+915196619929,Ujjain,Madhya Pradesh,India,2021-09-22
Eshana,Iyer,Male,38,dayamaichada@example.org,+917367830887,Vijayawada,Karnataka,India,2023-09-16
Naksh,Saxena,Female,36,samaksh65@example.net,2767903536,Bidar,Karnataka,India,2022-09-23
Faras,Gokhale,Male,39,meera29@example.com,07580968692,Srinagar,Telangana,India,2026-02-20
Zansi,Borra,Female,30,chameli82@example.com,8716261353,Madanapalle,Meghalaya,India,2024-11-14
Theodore,Chakrabarti,Male,21,umangloke@example.com,+910165527461,Phusro,Punjab,India,2026-02-05
Manthan,Dash,Male,58,balhaarchacko@example.net,+913459707510,Ghaziabad,Telangana,India,2021-08-31
Vihaan,Mistry,Male,29,sdube@example.net,+910714740793,Hyderabad,Tamil Nadu,India,2022-03-08
Veda,Memon,Female,18,desaivarenya@example.org,3079025582,Ambala,Haryana,India,2026-07-09
Chavvi,Joshi,Male,54,chaitanya93@example.com,3016158697,Ujjain,Sikkim,India,2021-12-19
Nidhi,Dara,Male,47,daraveer@example.com,2192680023,Amroha,Goa,India,2023-07-10
Rohan,Ratti,Female,20,champak63@example.com,+911013084824,Pallavaram,Telangana,India,2024-01-08
Kashvi,Buch,Male,58,lavanya35@example.com,+914566414818,Raichur,Haryana,India,2023-10-11
Mitali,Bava,Female,22,balveerissac@example.org,+915607050328,Danapur,Gujarat,India,2022-07-28
Manbir,Dutt,Female,41,adyacontractor@example.com,+915513498308,Bharatpur,Karnataka,India,2025-09-22
Azaan,Vora,Female,28,fgole@example.org,7195434222,Baranagar,Assam,India,2023-08-04
Yashawini,Shan,Male,63,alala@example.com,4475100297,Mehsana,Nagaland,India,2023-12-08
Tristan,Bava,Female,43,rgolla@example.net,06707325824,Machilipatnam,Andhra Pradesh,India,2025-06-01
Kavya,Ganesan,Female,70,horachameli@example.org,+912455009893,Ongole,Goa,India,2023-08-05
Pranit,Kurian,Male,44,pallavi01@example.com,03402270158,Satara,Bihar,India,2022-11-24
Neha,Bhalla,Male,66,bdass@example.net,4511171010,Erode,Jharkhand,India,2025-09-07
Gaurangi,Chada,Male,18,fmaster@example.org,04823255475,Tiruchirappalli,Assam,India,2025-11-28
Jagrati,Gala,Male,43,geetika88@example.com,2732461185,Vadodara,Uttarakhand,India,2021-08-22
Upkaar,Peri,Male,54,yoshitamittal@example.org,4095229077,Navi Mumbai,Manipur,India,2025-01-18
Jagrati,Karan,Male,60,reva02@example.net,02857632935,Tinsukia,Assam,India,2021-11-25
Chasmum,Kari,Male,47,schaudhuri@example.com,05135217360,Saharanpur,Arunachal Pradesh,India,2025-02-20
Baljiwan,Bhatt,Male,25,chameli02@example.com,02225553835,Siwan,Gujarat,India,2021-09-08
Samarth,Dhingra,Female,29,unni00@example.com,02467105231,Durgapur,Uttarakhand,India,2022-09-07
Alka,Bassi,Female,63,kevin65@example.org,8798649967,Ludhiana,Himachal Pradesh,India,2026-05-09
Devansh,Thaman,Male,28,eta27@example.org,+916581118262,Sangli-Miraj & Kupwad,Uttarakhand,India,2022-08-11
Anmol,Goda,Female,43,anshsrinivas@example.net,02724001816,Ghaziabad,Rajasthan,India,2023-02-06
Balhaar,Sahni,Male,39,damyanti74@example.com,06873993447,Dehradun,Odisha,India,2025-05-27
Hemang,Basak,Female,45,zmander@example.net,+919882655501,Malda,Bihar,India,2025-10-01
Sanya,Dubey,Male,48,yahvi24@example.com,+913187400463,Raebareli,Karnataka,India,2021-11-08
Oeshi,Barad,Male,23,kundathomas@example.org,0684787082,Ajmer,Goa,India,2022-09-24
Urvashi,Date,Female,36,ekapadmemon@example.com,04595058352,Sultan Pur Majra,Mizoram,India,2022-10-10
Krishna,Misra,Female,49,ucchal82@example.net,07906189890,Durgapur,Gujarat,India,2025-03-24
Priya,Mahal,Male,21,gnaidu@example.net,+917723472902,Raipur,Tripura,India,2026-04-07
Hredhaan,Chada,Male,47,vborah@example.org,0125778097,Salem,Karnataka,India,2024-03-26
Dominic,Virk,Male,65,isaac77@example.org,3134469274,Panvel,Karnataka,India,2022-05-26
Tamanna,Mitra,Female,25,prishachaudhary@example.org,+919214939221,Medininagar,Mizoram,India,2023-10-20
Jyoti,Dube,Male,39,talwarleena@example.net,7321413043,Aurangabad,Assam,India,2024-09-04
Ekansh,Sodhi,Female,18,baradzaid@example.com,+911865499238,Jodhpur,Gujarat,India,2024-05-09
Anita,Saini,Female,61,kapurwaida@example.com,+917371722025,Aizawl,Assam,India,2024-02-18
Falguni,Tara,Female,24,meera14@example.org,01254165993,Tumkur,Mizoram,India,2025-12-23
Anay,Menon,Female,31,aryanmani@example.net,+913736333380,Kozhikode,Assam,India,2022-02-11
Reva,Dhingra,Female,22,ramaswamybhanumati@example.net,+919414735836,Gulbarga,Manipur,India,2025-01-28
Pratyush,Hans,Male,29,vaishnavi27@example.org,+915338553102,Durgapur,Punjab,India,2024-07-02
Ekanta,Shah,Male,55,loyalmax@example.org,+918645508905,Kulti,Himachal Pradesh,India,2024-11-11
Dalaja,Parikh,Male,43,maurora@example.net,08286779054,Farrukhabad,Bihar,India,2022-02-25
Saksham,Hayer,Male,24,gayathri24@example.com,9165138545,Tirunelveli,Manipur,India,2025-10-10
Yachana,Rajagopal,Male,22,surchandani@example.net,02654448894,Udupi,Assam,India,2022-07-14
Charan,Sathe,Female,61,urvashi60@example.com,1610043405,Ghaziabad,Tripura,India,2026-04-05
Zinal,Raghavan,Female,64,wahabvarghese@example.net,+914428253238,Kottayam,Meghalaya,India,2025-03-07
Baljiwan,Lal,Female,68,balveerrandhawa@example.net,+917649846684,Anantapuram,Sikkim,India,2024-07-26
Advaith,Menon,Male,30,cchopra@example.org,07405305495,Ulhasnagar,Chhattisgarh,India,2022-05-18
Krisha,Chopra,Male,18,ishita53@example.com,08893180104,Narasaraopet,Andhra Pradesh,India,2024-01-12
Manbir,Datta,Female,59,lipika01@example.net,04237920766,Surendranagar Dudhrej,Bihar,India,2023-10-10
Aarini,Mahajan,Male,19,dorajatin@example.org,01894161307,Navi Mumbai,Himachal Pradesh,India,2025-09-13
Zehaan,Ahuja,Female,25,ybawa@example.org,+912809026259,Medininagar,Bihar,India,2026-05-16
Mohini,Nigam,Female,36,frederick96@example.com,+918587262572,Panipat,Uttarakhand,India,2025-06-10
Meghana,Garg,Male,50,bavadarpan@example.net,+910166583549,Vellore,Arunachal Pradesh,India,2022-01-26
Sachi,Bains,Female,47,balaaarush@example.com,+918236317722,Bhilwara,Kerala,India,2026-01-01
Frado,Chad,Female,62,balvanarora@example.org,0677077891,Ujjain,Meghalaya,India,2022-11-18
Warda,Seshadri,Male,62,hayrebakhshi@example.org,2389691399,Danapur,Jharkhand,India,2023-12-14
Jeet,Khatri,Male,20,sharmadhruv@example.org,0969096750,Secunderabad,Karnataka,India,2021-10-13
Daksh,Gala,Female,20,mammensimon@example.net,+911325186358,Mumbai,Gujarat,India,2023-12-31
Watika,Walla,Male,37,ganeshharrison@example.org,+914749632063,Yamunanagar,Sikkim,India,2022-09-11
Ijaya,Chahal,Female,61,nihal78@example.org,1193172107,Buxar,Tamil Nadu,India,2022-06-12
Warinder,Khare,Male,70,ishita23@example.com,+917308387619,Udaipur,Tripura,India,2022-07-30
Faraj,Mallick,Female,20,tanvi99@example.org,4231963748,New Delhi,Nagaland,India,2025-03-17
Bina,Borde,Female,67,panchalaarnav@example.org,+912682982011,Muzaffarnagar,West Bengal,India,2022-08-14
Janaki,Rao,Male,32,gnaidu@example.org,1040838342,Chandigarh,Himachal Pradesh,India,2023-10-24
Qadim,Master,Female,59,zaid92@example.net,06858416017,Jamshedpur,Sikkim,India,2024-10-08
Harrison,Chadha,Male,47,riasunder@example.net,+914370462244,Gopalpur,Kerala,India,2021-09-29
Saanvi,Grewal,Male,18,amruta49@example.net,2915279608,Bidar,Goa,India,2022-05-22
Varsha,Kade,Male,66,ethan26@example.org,+913959569477,Cuttack,Maharashtra,India,2026-02-02
Falguni,Swaminathan,Female,70,mammenmohini@example.com,05568475237,Giridih,Tripura,India,2023-05-22
Mugdha,Maharaj,Female,30,dassbrijesh@example.org,9558474575,Bellary,Uttarakhand,India,2023-03-21
Vrinda,Patel,Female,49,chandraharsh@example.net,+914476455233,Bhubaneswar,Uttarakhand,India,2023-05-26
Amaira,Narang,Female,42,kadakiakrish@example.com,08412145930,Khandwa,Kerala,India,2025-04-18
Harini,Kamdar,Female,51,bakshiyutika@example.org,+912277459845,Asansol,Manipur,India,2022-12-04
Zashil,Walla,Male,22,ucchalcheema@example.com,+916918152746,Gandhidham,Madhya Pradesh,India,2025-08-18
Advika,Sarraf,Male,29,hsankar@example.com,+912282701185,Ahmednagar,Rajasthan,India,2023-08-03
Ishani,Gera,Male,64,farhanvig@example.com,1724033927,Sirsa,Uttar Pradesh,India,2025-05-15
Ekapad,Krishna,Female,49,rastogirohan@example.com,09230282117,Deoghar,Gujarat,India,2025-08-01
Anirudh,Sehgal,Male,69,charqarin@example.com,00485203683,Jorhat,Goa,India,2025-07-23
Priya,Bajaj,Male,57,anirudh92@example.org,+919806303608,Motihari,Karnataka,India,2025-04-24
Tarak,Sura,Male,34,mshroff@example.org,+911224808139,Nanded,Uttarakhand,India,2026-01-03
Rayaan,Bhagat,Female,69,priya83@example.com,+913104055655,Ujjain,Manipur,India,2022-12-10
Lakshmi,Narayanan,Male,36,ranaharshil@example.com,7876452205,Bhiwandi,Uttarakhand,India,2022-07-26
Adweta,Chakrabarti,Male,45,jpillay@example.net,2146398907,Pune,Nagaland,India,2023-05-30
Viraj,Khatri,Female,70,iyengarmanya@example.net,+912414044092,Dehradun,Meghalaya,India,2023-03-18
Inaya,Mann,Female,47,vivaanravi@example.net,+918950659295,Kamarhati,Goa,India,2021-09-13
Raksha,Murty,Female,58,rayrachita@example.net,+916113135289,Nandyal,Meghalaya,India,2026-05-21
Samar,Sheth,Female,56,khuranaedhitha@example.org,1581597829,Tirunelveli,Tamil Nadu,India,2023-06-15
Rajata,Bala,Female,18,hdewan@example.org,9015477048,Patna,Punjab,India,2023-08-13
Dakshesh,Bala,Male,23,dugarfrederick@example.org,+917670104237,Hyderabad,Haryana,India,2022-05-25
Hemal,Ganesh,Female,60,obandi@example.net,03489230721,Alwar,Rajasthan,India,2021-08-01
Wriddhish,Apte,Female,49,egoda@example.com,+912928342274,Ghaziabad,Tripura,India,2021-10-03
Aarush,Mand,Male,40,udyati27@example.org,3074719513,Anantapur,Haryana,India,2022-06-04
Upma,Barad,Female,19,udarshradhakrishnan@example.net,03890957607,Bokaro,Tripura,India,2024-12-24
Kritika,Bera,Male,66,qwadhwa@example.com,+914510392611,Kirari Suleman Nagar,Nagaland,India,2021-10-07
Jacob,Ram,Female,26,leeladhawan@example.org,5332056122,Udupi,Odisha,India,2023-06-21
Mohammed,Garg,Male,46,gavingill@example.net,01255391016,Jabalpur,Chhattisgarh,India,2022-05-05
Vasatika,Walla,Female,70,yarora@example.net,0667751708,Bhiwandi,Bihar,India,2025-11-23
Nilima,Kashyap,Male,34,vprabhu@example.net,4406821030,Bhalswa Jahangir Pur,Telangana,India,2026-05-22
Wahab,Contractor,Female,36,kiaan04@example.net,3021795148,Ambattur,Andhra Pradesh,India,2024-12-13
Ranbir,Sangha,Male,54,eesha16@example.com,7723910576,Agra,Sikkim,India,2024-12-29
Zarna,Gole,Male,23,dayalanthony@example.org,5322691501,Giridih,Andhra Pradesh,India,2025-07-16
Chatresh,Sachdeva,Male,20,rbhatti@example.org,+918912056644,Mysore,Uttarakhand,India,2026-01-31
Advaith,Natarajan,Female,60,kabirborra@example.com,07190417898,Mau,Manipur,India,2024-05-20
Oeshi,Dube,Male,42,hkanda@example.net,+915189484402,Rajahmundry,Tripura,India,2022-09-24
Tristan,Zacharia,Male,22,chandani14@example.com,+918159995676,Satna,Meghalaya,India,2024-10-15
Siya,Chaudry,Female,35,chatresh95@example.net,08613053754,Durgapur,Odisha,India,2024-08-03
Chatura,Loke,Female,62,stak@example.com,1815711634,Kamarhati,Andhra Pradesh,India,2024-04-01
Mason,Sarraf,Male,42,hsen@example.net,+913625489850,Anand,Chhattisgarh,India,2026-04-27
Jagat,Comar,Female,46,goelaachal@example.org,+915974417997,Srikakulam,Gujarat,India,2024-05-16
Abhimanyu,Ramachandran,Female,26,kashishwarrior@example.com,+913744170884,Bhagalpur,Mizoram,India,2024-08-16
Devansh,Choudhry,Male,19,borrapallavi@example.com,+917126059767,Karaikudi,Andhra Pradesh,India,2025-01-30
Hemani,Bhattacharyya,Male,20,krishnanazad@example.net,+910679152736,Gurgaon,Odisha,India,2023-09-16
Maanas,Gade,Male,51,kaisaran@example.com,2476086562,Guntakal,Sikkim,India,2026-02-11
Chakradhar,Shanker,Male,39,mitralohit@example.net,05799491756,Chinsurah,Uttarakhand,India,2025-01-20
Jagat,Salvi,Female,61,sahniharish@example.com,06752788483,Raiganj,Manipur,India,2024-10-24
Anya,Bava,Female,29,daminidasgupta@example.org,4317923145,Raurkela Industrial Township,Arunachal Pradesh,India,2025-08-03
Lajita,Warrior,Male,59,victor71@example.com,0358040089,Kumbakonam,Manipur,India,2024-04-05
Libni,Dora,Female,58,haritashan@example.org,00433753021,Junagadh,Uttar Pradesh,India,2026-04-15
Geetika,Kala,Male,38,waidasaini@example.com,00546406799,Tenali,Telangana,India,2024-08-04
Mitali,Sangha,Female,38,oliver02@example.org,9239603838,Bathinda,Madhya Pradesh,India,2022-08-18
Qadim,Saran,Male,39,ksarkar@example.com,01536641997,Bhatpara,Odisha,India,2026-07-14
Gaurika,Sathe,Male,45,murthychaitaly@example.com,4821217486,Amroha,Telangana,India,2024-06-03
Nihal,Sekhon,Male,21,vguha@example.net,+919384334476,Motihari,Sikkim,India,2025-09-21
Hemang,Kothari,Female,38,csem@example.org,+913610291307,Hajipur,West Bengal,India,2023-06-20
Xavier,Mangal,Male,66,jackmangat@example.org,07632232494,Tinsukia,Karnataka,India,2022-02-02
Nihal,Virk,Female,53,bhaktapranit@example.com,+915808798522,Vijayanagaram,Himachal Pradesh,India,2025-10-31
Maanav,Samra,Male,18,ochana@example.com,01198655304,Amroha,Uttar Pradesh,India,2021-12-15
Ucchal,Srinivas,Male,48,madanhitesh@example.com,+917596479864,Patna,Mizoram,India,2024-04-16
Rehaan,Loyal,Female,27,charan29@example.org,1926149454,Rajpur Sonarpur,Punjab,India,2023-10-27
Ronith,Verma,Male,53,nathaniel69@example.com,+916978176089,Jabalpur,Telangana,India,2021-08-26
Isaiah,Bhargava,Female,32,andrewkurian@example.org,+917325525470,Tiruchirappalli,Goa,India,2023-06-09
Advika,Suresh,Female,26,cbumb@example.com,+918483779552,Burhanpur,Karnataka,India,2025-07-10
Nisha,Rajan,Male,41,mannemeera@example.net,2917397240,Jaunpur,Mizoram,India,2023-08-29
Noah,Dhar,Male,41,lipikacherian@example.com,3591097707,Nellore,Tamil Nadu,India,2024-09-06
Charita,Sathe,Male,53,issacdominic@example.net,08951109364,Kochi,Bihar,India,2026-05-06
Libni,Shere,Female,40,aggarwalhemangini@example.com,3272368869,Sikar,Himachal Pradesh,India,2023-04-18
Dalaja,Kurian,Female,38,widisha96@example.com,+912000604843,Nashik,Assam,India,2022-09-01
Ucchal,Dalal,Female,51,gramesh@example.org,09930086133,Unnao,Odisha,India,2021-11-06
Vanya,Chana,Female,53,jasonlad@example.org,08816863255,Khora ,Karnataka,India,2025-11-08
Abhimanyu,Baria,Male,60,kohlicharles@example.net,+917828501730,Ongole,Madhya Pradesh,India,2021-11-17
Faris,Peri,Female,39,gsagar@example.net,+917421878263,Sirsa,Arunachal Pradesh,India,2022-03-02
Urvashi,Golla,Female,69,chaitaly44@example.com,02815172430,Bhimavaram,Bihar,India,2023-09-21
Tanish,Chaudhuri,Female,36,kakarleela@example.org,08019220584,Raiganj,Maharashtra,India,2026-04-20
Ekta,Mann,Female,39,yamini60@example.net,6855741271,Surendranagar Dudhrej,Jharkhand,India,2023-02-14
Charita,Sawhney,Female,39,aiyer@example.com,+915473155594,Bhavnagar,Haryana,India,2022-06-23
Rayaan,Dua,Female,42,bkari@example.com,+914313511418,Tezpur,Madhya Pradesh,India,2023-09-05
Yauvani,Subramanian,Female,18,omajakhare@example.net,+911850785424,Udupi,Gujarat,India,2023-02-10
Luke,Cherian,Female,22,revanaik@example.com,02151328918,Bidhannagar,Karnataka,India,2022-01-14
Dhriti,Andra,Male,44,ekansh06@example.net,5049991435,Imphal,Kerala,India,2024-04-08
Darpan,Kara,Female,20,settyvrishti@example.com,05925692177,Bhatpara,Bihar,India,2026-01-06
Abeer,Mittal,Male,56,tsoni@example.com,+914624349411,Bihar Sharif,Madhya Pradesh,India,2024-05-11
Divya,Dugal,Male,26,duttachanakya@example.com,00505512400,Sagar,Madhya Pradesh,India,2026-01-08
Ranveer,Grover,Male,37,leela37@example.net,04777747979,Dhanbad,Gujarat,India,2023-10-07
Riya,Batra,Male,47,balakala@example.net,+915957263294,Bettiah,Haryana,India,2021-12-10
Abhiram,Natarajan,Male,43,banjeetshan@example.org,4430350627,Jaunpur,Meghalaya,India,2024-03-08
Ishaan,Rama,Female,36,yug18@example.com,05493269664,Moradabad,Rajasthan,India,2024-06-29
Yash,Ghose,Female,49,pushtinagi@example.com,8625289501,Raipur,Bihar,India,2023-12-05
Benjamin,Kala,Female,19,dalbir04@example.com,+917692057890,Bulandshahr,Punjab,India,2024-11-01
Aarnav,Luthra,Male,29,uzachariah@example.net,4595864931,Ongole,Gujarat,India,2024-08-16
Neel,Khare,Female,29,nisha40@example.com,2567782127,Aizawl,Haryana,India,2025-01-28
Sanaya,Mahal,Female,34,dbumb@example.org,8535203428,Aizawl,Arunachal Pradesh,India,2023-03-10
Gaurang,Vora,Female,68,regeyoshita@example.com,+916102427593,Jaunpur,Punjab,India,2022-01-25
Ekaja,Tripathi,Female,66,bakshivihaan@example.org,+918952414797,Amritsar,Andhra Pradesh,India,2023-11-01
Sneha,Shan,Male,29,chhabraethan@example.org,+915435820487,Karnal,Telangana,India,2024-11-13
Samarth,Pai,Female,50,keerhritik@example.com,04675842115,Madanapalle,Odisha,India,2023-10-23
Michael,Varkey,Female,47,sanghvipriya@example.net,0181098771,Amroha,Chhattisgarh,India,2023-06-18
Harshil,Suri,Female,31,abhimanyubakshi@example.org,3871277259,Eluru,Odisha,India,2025-03-01
Kashvi,Bhatnagar,Female,39,tanejabaghyawati@example.com,6606569557,Bardhaman,Andhra Pradesh,India,2024-01-15
Upadhriti,Behl,Male,49,qarinkant@example.org,05811785096,Chandrapur,Meghalaya,India,2025-06-23
Xalak,Nayak,Female,46,madanhenry@example.com,01227948139,Satara,Maharashtra,India,2023-12-21
Yash,Atwal,Male,57,pgara@example.org,6526831166,Kozhikode,Assam,India,2026-01-07
Wahab,Lalla,Female,35,zmani@example.com,7760235715,Barasat,Tamil Nadu,India,2026-04-03
Girindra,Nagi,Female,54,bhavani90@example.com,03469460025,Munger,Tamil Nadu,India,2025-05-15
Madhav,Bakshi,Female,21,raoupma@example.net,04053878228,Medininagar,Punjab,India,2023-11-24
Anya,Khatri,Female,23,avigala@example.org,01081376134,Ramgarh,Tripura,India,2022-12-14
Lakshmi,Naik,Female,37,damyantisani@example.net,04338863154,Hapur,Manipur,India,2026-01-15
Raksha,Memon,Male,25,jsane@example.net,+915384652002,Mango,Goa,India,2023-02-17
Isaiah,Krish,Male,54,theodore16@example.org,00093420024,Hosur,Madhya Pradesh,India,2025-04-25
Noah,Bhatt,Male,18,krish48@example.com,+916464927642,Gandhinagar,Nagaland,India,2023-08-17
Advaith,Buch,Female,45,chakradharmangat@example.org,1109351975,Bulandshahr,Nagaland,India,2021-12-01
Indali,Dey,Male,41,fiyazbera@example.net,07961666605,Kollam,Meghalaya,India,2023-12-06
Henry,Chander,Male,46,timothynayar@example.org,07058853729,Buxar,Assam,India,2024-07-17
Saksham,Ram,Female,52,nsehgal@example.com,4253766460,Silchar,Uttar Pradesh,India,2024-09-23
Varsha,Kade,Male,31,madhavikrish@example.net,+910970202290,Mumbai,Haryana,India,2024-02-03
Forum,Ramanathan,Female,31,saumyapurohit@example.com,00487596088,Jhansi,Himachal Pradesh,India,2021-08-13
Gavin,Mahal,Female,25,manthan27@example.com,0433829954,Guntur,West Bengal,India,2022-03-02
Girindra,Sahni,Male,30,bhallakamala@example.com,08637972626,Serampore,Madhya Pradesh,India,2023-02-14
Aashi,Kaul,Male,26,aishaniamble@example.com,08260329816,Pimpri-Chinchwad,Jharkhand,India,2025-12-15
Chandresh,Apte,Female,65,kalanitara@example.com,08313542476,Ambarnath,Tamil Nadu,India,2023-05-29
Avni,Naik,Male,22,kbehl@example.com,2909037503,Arrah,Odisha,India,2022-06-06
Sanya,Vora,Male,29,kiaannagi@example.net,6767917743,Jalgaon,Andhra Pradesh,India,2025-07-26
Noah,Kapadia,Female,46,knigam@example.org,+917397314927,Dehri,Karnataka,India,2024-11-08
Rohan,Rau,Female,58,mpanchal@example.net,+918789397285,Bokaro,Sikkim,India,2025-03-02
Xalak,Goda,Female,23,naruladhriti@example.org,08482186032,Udaipur,Nagaland,India,2025-03-13
Hemani,Tiwari,Female,39,uzacharia@example.org,+912332880700,Akola,Gujarat,India,2025-10-06
Vaishnavi,Kar,Male,49,pchaudhari@example.org,+911306447622,Thane,Mizoram,India,2023-05-18
Rachana,Dutt,Female,57,kharenilima@example.net,5161887727,Pondicherry,Kerala,India,2025-01-14
Libni,Gala,Female,37,raaginivenkatesh@example.org,7730592205,Danapur,Uttar Pradesh,India,2025-04-27
Osha,Batra,Male,23,balveer25@example.org,+917067312806,Muzaffarnagar,Madhya Pradesh,India,2024-09-13
Manthan,Badal,Female,25,ikshita36@example.net,+918903882522,Medininagar,Odisha,India,2024-02-01
Naveen,Choudhry,Female,32,dipta36@example.com,+911309887309,Ajmer,Jharkhand,India,2023-02-19
Qadim,Krish,Male,57,vraghavan@example.net,+910017220085,Karaikudi,Kerala,India,2024-10-01
Krishna,Kaur,Male,18,nigamimaran@example.com,+915443687148,Bijapur,Odisha,India,2026-05-29
Charita,Chaudhuri,Male,42,rmurty@example.org,00591049218,Dehri,Arunachal Pradesh,India,2024-05-04
Rajata,Sabharwal,Female,48,kalitachatresh@example.com,0944697465,Ghaziabad,Gujarat,India,2024-07-26
Jeremiah,Mani,Male,68,krishna93@example.org,3019432941,Cuttack,Karnataka,India,2022-06-01
Tejas,Gokhale,Female,49,vyasyoshita@example.net,09913782881,Singrauli,Sikkim,India,2022-10-03
Mitesh,Sarma,Male,47,prishatrivedi@example.com,+913741034610,Khora ,Meghalaya,India,2022-06-13
Abha,Mangal,Male,40,fbhatt@example.net,9507220616,Aizawl,Chhattisgarh,India,2025-02-12
Vrishti,Gopal,Male,69,kalpitbandi@example.com,+915379738753,Guntakal,Mizoram,India,2024-03-09
Vrinda,Sehgal,Female,29,mannesaumya@example.com,+912875515538,Jorhat,Uttar Pradesh,India,2024-01-19
Megha,Malhotra,Female,36,baladamini@example.net,04559806142,Srinagar,Andhra Pradesh,India,2024-05-02
Manthan,Dayal,Male,55,ektakata@example.org,+917001284421,Panchkula,Punjab,India,2022-05-16
Lajita,Narula,Male,30,bbawa@example.org,+910625218330,Dhanbad,Manipur,India,2024-03-03
Niharika,Sabharwal,Female,31,waglekrishna@example.org,4167572199,Anantapuram,Andhra Pradesh,India,2025-03-17
Urmi,Khanna,Male,49,nguha@example.org,5052558804,Sonipat,Kerala,India,2024-07-07
Zaitra,Chandra,Female,54,tankpraneel@example.org,+913174546608,Kharagpur,Nagaland,India,2025-01-30
Wyatt,Chacko,Male,42,purohitnaveen@example.org,+918052006711,Udupi,Rajasthan,India,2023-06-29
Anya,Narain,Male,27,bajwapraneel@example.net,3286617421,Bharatpur,Haryana,India,2025-04-01
Geetika,Dugal,Male,23,elijah74@example.org,05869165235,Ambattur,Jharkhand,India,2021-08-26
Naksh,Aurora,Male,41,vartynicholas@example.net,+911240952082,Karaikudi,Madhya Pradesh,India,2024-07-06
Ekansh,Lalla,Male,65,nborde@example.net,06374003288,Ludhiana,Himachal Pradesh,India,2026-02-11
Panini,Prabhakar,Male,64,vtalwar@example.com,2272581245,Kottayam,Arunachal Pradesh,India,2026-04-06
Ekapad,Madan,Female,28,ychoudhury@example.org,+919420311730,Vijayanagaram,Manipur,India,2022-04-12
Ucchal,Deo,Female,30,srajan@example.com,0758836657,Udaipur,Rajasthan,India,2023-06-08
Robert,Keer,Female,63,wyatt14@example.com,+917593940771,Latur,Andhra Pradesh,India,2023-11-05
Harsh,Dutta,Male,23,mannbakhshi@example.org,00522755769,Motihari,Arunachal Pradesh,India,2023-07-16
Ati,Bhagat,Male,51,qasimvarkey@example.com,9091828296,Bhusawal,Uttarakhand,India,2025-03-29
Krishna,Hayer,Female,22,srivastavadamini@example.net,+911659908946,Bhavnagar,Manipur,India,2024-12-23
Bina,Kata,Female,68,raagini48@example.net,7001932179,Guntakal,West Bengal,India,2021-12-28
Sai,Konda,Male,22,manividhi@example.org,07218296506,Mau,Jharkhand,India,2025-04-09
Faraj,Patil,Female,55,karananne@example.net,4822893991,Gaya,Odisha,India,2024-06-06
Jyoti,Chowdhury,Male,57,oahuja@example.com,00216468276,Bhagalpur,Haryana,India,2022-06-13
Oviya,Dixit,Male,66,akaul@example.org,8010379263,Kozhikode,Andhra Pradesh,India,2024-03-06
Nathan,Comar,Female,62,gabrielverma@example.org,02208379751,Mangalore,Assam,India,2024-01-04
Gabriel,Barad,Female,57,atharv85@example.org,+918163556728,Patna,Haryana,India,2022-08-01
Nirja,Viswanathan,Male,42,cganesan@example.org,+913236226943,Mysore,Bihar,India,2023-05-09
Ubika,Sehgal,Male,23,vivaansavant@example.com,+919251701035,Kavali,Arunachal Pradesh,India,2022-11-25
Chaitaly,Acharya,Female,66,jeremiahsule@example.org,01975685103,Serampore,West Bengal,India,2024-12-17
Samuel,Bhatia,Male,39,udarsh54@example.org,06383375695,Pune,Assam,India,2024-05-20
Yochana,Palan,Male,57,ibala@example.org,0265609989,Jalandhar,Uttarakhand,India,2023-12-20
Harita,Ramesh,Male,47,lparmer@example.org,00527607262,Coimbatore,Uttarakhand,India,2024-03-14
Harshil,Hans,Male,25,fiyaz13@example.com,+917208097018,Karaikudi,Meghalaya,India,2025-06-14
Qadim,Saran,Female,64,chaman75@example.org,09880877048,Panvel,Rajasthan,India,2022-01-04
Jatin,Dora,Male,37,gkala@example.org,8745074935,Dhanbad,Uttarakhand,India,2025-06-15
Chatura,Nagi,Male,36,lkalla@example.org,6074598434,Allahabad,Kerala,India,2025-06-24
Forum,Baria,Male,18,radhikatella@example.net,01808352714,Sri Ganganagar,Meghalaya,India,2023-01-16
Alexander,Mand,Male,41,janyadutta@example.net,01851189798,Suryapet,Himachal Pradesh,India,2022-05-26
Anita,Doctor,Male,21,vnarang@example.net,03806817380,Avadi,Odisha,India,2025-06-30
Nimrat,Sodhi,Female,30,adate@example.net,+912486781235,Kishanganj,Arunachal Pradesh,India,2023-08-26
Eesha,Varkey,Female,40,wahab00@example.com,+916921957332,Dehradun,Meghalaya,India,2026-02-25
Guneet,Chowdhury,Male,47,mohini19@example.com,4667822622,Ambala,Tamil Nadu,India,2023-01-12
Frederick,Sood,Female,68,raobahadurjit@example.com,02022962896,Morena,Kerala,India,2024-03-25
Bina,Devan,Female,51,jeremiah22@example.net,+913569121836,Tiruchirappalli,Sikkim,India,2025-09-03
Shivani,Tank,Female,35,neelimayadav@example.org,04491875000,Maheshtala,Rajasthan,India,2023-12-28
Wriddhish,Lalla,Male,51,michaelsalvi@example.org,+912337306528,Gurgaon,Andhra Pradesh,India,2025-07-25
Tanay,Din,Male,54,advaith19@example.net,+918593264706,Darbhanga,Jharkhand,India,2021-11-01
Karan,More,Male,38,lallraagini@example.net,+915706901177,Kharagpur,Uttarakhand,India,2022-05-06
Darika,Singhal,Female,43,nbera@example.com,00956533457,Madhyamgram,Mizoram,India,2023-02-03
Geetika,Deep,Male,66,dhanda@example.com,06010967754,Begusarai,Meghalaya,India,2023-08-23
Faras,Shetty,Male,31,savantbachittar@example.org,01608762725,Tirupati,Mizoram,India,2022-06-09
Farhan,Devan,Female,36,manankanda@example.com,7421495949,Jodhpur,Chhattisgarh,India,2022-02-07
Anya,Rai,Male,57,gaurang61@example.net,+914836612953,Udupi,Arunachal Pradesh,India,2022-09-02
Charles,Lata,Male,59,rajeshri73@example.org,4590680477,Bhiwandi,Kerala,India,2023-07-25
Vritti,Dora,Female,22,ypillai@example.net,+912547166209,Anantapur,Arunachal Pradesh,India,2021-11-15
Qabil,Kalita,Male,19,banerjeepranit@example.org,00435445456,Guntur,Tamil Nadu,India,2023-04-10
Qarin,Nadig,Male,32,ptoor@example.com,07961757250,Moradabad,Uttar Pradesh,India,2021-10-14
Kamya,Sami,Female,24,aadhya08@example.org,5256048878,Bhiwandi,Haryana,India,2023-07-17
Aarna,Shan,Male,34,ikbal37@example.com,+910506643644,Bareilly,Tripura,India,2024-04-23
Tejas,Gour,Female,40,ekanshpandey@example.org,1577548144,Gulbarga,Andhra Pradesh,India,2023-07-21
Quincy,Tandon,Male,58,ygera@example.net,1378799264,Mathura,Mizoram,India,2025-09-14
Tanish,Krish,Female,47,dateudyati@example.org,8779946001,Haldia,Punjab,India,2022-12-24
Odika,Sem,Male,33,salvitheodore@example.net,8755114351,Kharagpur,Goa,India,2025-01-16
Wakeeta,Dixit,Female,20,anshpurohit@example.org,+919512790263,Bhagalpur,Andhra Pradesh,India,2023-07-06
Abhiram,Rattan,Male,61,bajajorinder@example.net,+918687196199,Belgaum,Maharashtra,India,2024-02-25
Samuel,Bandi,Female,43,qchanda@example.org,+914482730170,Muzaffarpur,Karnataka,India,2025-10-23
Libni,Mukhopadhyay,Male,65,dadakrish@example.org,+916773044383,Khandwa,Goa,India,2022-05-01
Yadavi,Bala,Female,33,oniramesh@example.net,+911487670664,Jhansi,Kerala,India,2025-03-08
Aadhya,Roy,Female,58,yashawini96@example.com,1542213788,Muzaffarpur,Mizoram,India,2026-05-15
Ishwar,Maharaj,Female,41,bimalaswamy@example.com,3815844261,Navi Mumbai,Uttar Pradesh,India,2023-08-24
Mason,Krishna,Female,68,chakrabortygaurav@example.com,+916456370131,Farrukhabad,Manipur,India,2024-03-22
Ronith,Goda,Male,39,avni73@example.com,4577152334,Shimla,Andhra Pradesh,India,2025-12-11
Ridhi,Tripathi,Male,39,farhanrao@example.org,4581187585,Begusarai,Madhya Pradesh,India,2024-10-17
Tanish,Chakrabarti,Female,26,gsharma@example.com,2700031119,Singrauli,Mizoram,India,2023-11-22
Bishakha,Khatri,Male,45,tarajalsa@example.org,05886318809,Ludhiana,Himachal Pradesh,India,2021-09-09
Qabil,Rege,Female,54,niteshnayar@example.net,+914462132043,Katni,Kerala,India,2022-04-16
Anmol,Narayanan,Female,21,jack42@example.net,3632048531,Delhi,Chhattisgarh,India,2025-08-26
Qarin,Lall,Male,28,pandyabakhshi@example.com,1212412415,Durgapur,Karnataka,India,2023-07-12
Ekanta,Dass,Male,53,harinakshiprashad@example.net,01511939473,Mehsana,West Bengal,India,2026-06-03
Reva,Puri,Male,23,om43@example.com,00015476654,Solapur,Uttarakhand,India,2025-06-29
Siddharth,Sood,Male,63,advika77@example.net,+918016211518,Lucknow,Mizoram,India,2023-04-12
Krishna,Ravel,Male,57,alkamohan@example.org,+913884538774,Satna,Bihar,India,2023-04-13
Yahvi,Grover,Female,25,mugdha27@example.net,05491450491,Bhilai,Uttarakhand,India,2022-08-26
Jeevika,Madan,Male,28,pinglemanbir@example.com,3476081180,Delhi,Tamil Nadu,India,2024-06-08
Damini,Bose,Male,44,bansaljeevika@example.com,+918198496318,Kakinada,Nagaland,India,2021-10-12
Shravya,Bhakta,Male,30,dmodi@example.org,6065144035,Burhanpur,Odisha,India,2025-07-22
Darpan,Sidhu,Male,60,gadeekaraj@example.net,+911636593181,Shimla,Punjab,India,2021-09-11
Jalsa,Mangat,Male,60,omya56@example.net,+919516005985,Jalandhar,Bihar,India,2024-01-14
Ekanta,Patla,Female,36,ksekhon@example.net,01161585088,Dindigul,Haryana,India,2024-08-29
Watika,Kale,Male,46,jayaramanyachana@example.com,06275189804,Gaya,Assam,India,2021-09-11
Mugdha,Swamy,Male,60,onibanerjee@example.org,4576863128,Mehsana,Jharkhand,India,2026-07-03
Faris,Sarkar,Female,59,adwetashroff@example.org,5000816979,Chandigarh,Punjab,India,2024-10-16
Amruta,Kapadia,Female,47,krishnanekantika@example.com,07788337377,Arrah,Himachal Pradesh,India,2025-06-17
Priya,Malhotra,Female,58,chhabravritti@example.org,05908968700,Tiruvottiyur,Sikkim,India,2026-05-22
Rudra,Arya,Female,38,balsara@example.org,0446412609,Hospet,Uttarakhand,India,2025-01-03
Nihal,Shere,Female,63,savantzarna@example.net,00853044882,Bhimavaram,Assam,India,2023-10-13
Gayathri,Kothari,Male,65,rehaanbalakrishnan@example.com,+916248903298,Tadipatri,Assam,India,2022-11-26
Darpan,Mandal,Female,61,kbajwa@example.org,8513936038,Chittoor,Odisha,India,2025-09-13
Yashica,Mohanty,Male,62,mparsa@example.com,03568637585,Maheshtala,Haryana,India,2023-11-23
Oscar,Kala,Male,29,ogill@example.org,08646597218,Indore,Kerala,India,2024-11-29
Zayyan,Radhakrishnan,Male,45,oradhakrishnan@example.net,00198513664,Guntur,Uttar Pradesh,India,2022-07-19
Harish,Sant,Male,57,duttavihaan@example.org,+919810485752,Asansol,Odisha,India,2024-07-15
Hemal,Shankar,Female,52,jhalak16@example.net,6855817135,Belgaum,Manipur,India,2026-02-26
Viraj,Thaker,Male,61,fitan53@example.com,0725583240,Tezpur,Uttarakhand,India,2023-11-09
Januja,Prashad,Male,64,maya12@example.com,06209480363,Munger,Rajasthan,India,2022-12-07
Amruta,Madan,Female,61,imaran01@example.net,7114167625,Fatehpur,Nagaland,India,2026-01-23
Manthan,Mittal,Male,63,vben@example.com,+912325200541,Tirunelveli,Goa,India,2021-09-11
Leena,Mall,Female,62,lohitjha@example.org,+914124059184,Kamarhati,Punjab,India,2025-05-29
Hamsini,Luthra,Male,69,umangrau@example.org,06691985222,Siliguri,Uttarakhand,India,2025-03-19
Radhika,Mani,Female,19,dkarnik@example.net,+919821130935,Unnao,Sikkim,India,2025-05-27
Amrita,Sule,Female,52,omisha74@example.com,00934220171,Panvel,Uttar Pradesh,India,2026-01-06
Tara,Bala,Male,48,aarini51@example.com,+912338911264,Loni,Punjab,India,2024-05-21
David,Anand,Female,64,upkaar02@example.net,8275261055,Shimoga,Himachal Pradesh,India,2025-12-26
Urvi,Sandhu,Female,54,indirakarpe@example.com,7724170684,Secunderabad,Madhya Pradesh,India,2025-10-20
Ekaraj,Shroff,Female,70,csaha@example.net,+910197345600,Rajkot,Goa,India,2024-11-14
Unnati,Arya,Female,34,mitesh35@example.org,9788857309,Guwahati,Chhattisgarh,India,2022-12-14
Januja,Bansal,Male,53,sethdeepa@example.net,2093903993,Haldia,Sikkim,India,2025-03-10
Nandini,Bala,Female,64,krishnamohanty@example.net,+919232342614,Rourkela,Goa,India,2025-12-16
Onkar,Lall,Female,27,xkrish@example.net,04438145828,Morena,Meghalaya,India,2023-07-25
Urishilla,Kuruvilla,Male,34,lom@example.com,+911783880543,Jehanabad,Nagaland,India,2023-07-29
Aradhana,Uppal,Female,43,comaranya@example.org,08195750343,Ichalkaranji,Karnataka,India,2026-07-11
Vasatika,Magar,Female,53,bandianusha@example.com,0985028069,Kurnool,Madhya Pradesh,India,2025-01-04
Devansh,Sarraf,Female,63,merchantbrijesh@example.com,9973044015,Nellore,Himachal Pradesh,India,2026-01-13
Aadhya,Ray,Male,53,diyamemon@example.com,02756309138,Jamalpur,Manipur,India,2025-09-10
Varenya,Hayer,Female,59,omangal@example.com,1470464238,Buxar,Nagaland,India,2023-11-29
Ekantika,Ram,Female,67,krishnaaryan@example.org,9652347617,Indore,Assam,India,2022-04-07
Daksh,Deol,Male,34,manthan90@example.net,08089221663,Rajahmundry,Uttarakhand,India,2023-09-21
Simon,Singhal,Male,58,amrutabalakrishnan@example.net,+910643579476,Satna,Nagaland,India,2023-03-30
Bishakha,Subramaniam,Male,55,chahalsamarth@example.net,+912987417724,Mirzapur,Meghalaya,India,2026-02-24
Januja,Sagar,Female,61,obiswas@example.com,+918985768430,Nagercoil,Punjab,India,2026-06-06
Rajata,Parekh,Male,61,veda49@example.net,7962537106,Shivpuri,Nagaland,India,2024-12-14
Logan,Bawa,Female,38,bhardwajneha@example.org,+916908378625,Srikakulam,Gujarat,India,2021-08-31
Max,Thakkar,Male,47,vbedi@example.com,+917860871933,Gandhinagar,Odisha,India,2025-07-28
Nidra,Choudhry,Male,22,oliver17@example.com,9977787971,Sasaram,Sikkim,India,2023-01-30
Jason,Parmar,Female,32,dekamala@example.org,+913116077382,Nagpur,Telangana,India,2025-03-09
Sanya,Oak,Female,40,bahadurjitsaha@example.com,02897415879,Ozhukarai,Sikkim,India,2026-02-23
Dhriti,Gade,Female,37,hguha@example.net,04799477204,Pudukkottai,Madhya Pradesh,India,2022-06-01
Vyanjana,Basak,Female,63,yash61@example.net,06108746141,Bhind,Uttar Pradesh,India,2025-04-03
Hredhaan,Guha,Female,32,anitamadan@example.com,+913136225605,Pondicherry,Manipur,India,2024-07-01
Ojas,Buch,Female,67,aryathakkar@example.net,5783421883,Latur,Telangana,India,2022-11-13
Gavin,Dash,Female,59,settyhamsini@example.org,06696327708,Bhusawal,Maharashtra,India,2024-08-23
Bishakha,Din,Female,60,harsh39@example.com,06202758674,Kumbakonam,Meghalaya,India,2024-05-04
Eesha,Pingle,Male,66,etaapte@example.com,+919218071616,Bongaigaon,Punjab,India,2024-06-25
Keya,Hayer,Male,22,sathviksharma@example.org,03514431135,Kozhikode,West Bengal,India,2022-05-08
Rohan,Chaudhary,Female,21,ekiyadugar@example.org,03559185957,Darbhanga,Goa,India,2023-12-15
Tejas,Natt,Female,50,tbhatia@example.com,03118716146,Sambhal,Odisha,India,2022-12-01
Kamala,Malhotra,Female,52,tmisra@example.net,+917159000632,Ambala,Punjab,India,2026-05-27
Kabir,Samra,Female,24,ytata@example.org,4082062834,Madurai,Chhattisgarh,India,2023-03-02
Teerth,Contractor,Female,51,udyatinazareth@example.org,+913823749411,Gulbarga,West Bengal,India,2025-06-27
Naveen,Oommen,Male,63,daksh54@example.com,03593907713,Panihati,Telangana,India,2023-08-16
Urvi,Misra,Male,28,anay95@example.com,+918637953827,Indore,Rajasthan,India,2026-01-28
Pooja,Zacharia,Female,54,bhagatbanjeet@example.net,6498335852,Mahbubnagar,West Bengal,India,2025-08-18
Bachittar,Gokhale,Male,24,darpan14@example.org,+911070908947,Bhiwani,Bihar,India,2023-11-30
Darika,Balakrishnan,Male,34,wmangat@example.com,+916787873735,Rajkot,Manipur,India,2022-04-04
Meghana,Balakrishnan,Female,28,surnakul@example.net,03098671754,Bahraich,Goa,India,2024-05-24
Michael,Prashad,Female,45,chaayasaran@example.org,5747264653,Burhanpur,Uttar Pradesh,India,2025-07-07
Harinakshi,Buch,Male,65,ganeshhemangini@example.org,2613029389,Rourkela,Tamil Nadu,India,2026-06-07
Qarin,Narayan,Female,36,praneel81@example.com,4938489374,Nagaon,Madhya Pradesh,India,2024-02-07
Rohan,Setty,Female,33,iyengarlohit@example.net,8403885414,Barasat,Himachal Pradesh,India,2023-02-27
Damini,Mannan,Female,34,routpooja@example.net,+916669911058,Kochi,Mizoram,India,2022-11-04
Anirudh,Tak,Female,19,zayannath@example.net,+918095040478,Mira-Bhayandar,Uttarakhand,India,2023-10-07
Gabriel,Dugal,Male,27,kchokshi@example.net,8405935559,Vasai-Virar,Tripura,India,2024-01-08
Alexander,Bhargava,Male,38,indrajittak@example.net,+911625171574,Dhule,Bihar,India,2021-12-18
Lohit,Manne,Male,43,guneet76@example.net,+912683574061,Hospet,Madhya Pradesh,India,2025-03-04
Jalsa,Dora,Female,41,jkant@example.net,08299230667,Kochi,Uttar Pradesh,India,2021-10-15
Siddharth,Sehgal,Female,24,mannishanvi@example.org,+916360170452,Eluru,Mizoram,India,2023-09-24
Ekta,Sen,Male,48,dintristan@example.org,08867474901,Loni,Mizoram,India,2022-12-16
Kavya,Dhaliwal,Female,63,azad03@example.com,04080389057,Chinsurah,Telangana,India,2022-04-17
Harinakshi,Prabhu,Male,19,ijayagola@example.com,+915439618641,Hapur,Uttar Pradesh,India,2024-02-20
Samesh,Bhagat,Male,25,bhavanibhagat@example.org,05430301685,Kulti,Karnataka,India,2022-08-28
Faraj,Borde,Male,36,tankjackson@example.org,2016731719,Saharanpur,Gujarat,India,2022-12-27
Isaiah,Yadav,Female,42,gaurikabora@example.net,07417774968,Udaipur,Gujarat,India,2023-04-14
Nisha,Muni,Female,23,ayush67@example.com,6580687540,Tezpur,Goa,India,2022-03-25
Jyoti,Rege,Female,65,vrishti80@example.net,3071229378,Bhimavaram,Goa,India,2024-04-01
Tanish,Mani,Male,44,mdeshmukh@example.com,05834996311,Kottayam,Nagaland,India,2023-01-25
Raghav,Nath,Male,31,kundaamaira@example.net,+916008155301,Hajipur,Tamil Nadu,India,2024-10-05
Nikita,Babu,Female,30,jasmitmangal@example.net,02745432979,Ghaziabad,Karnataka,India,2023-07-01
Ronith,Choudhry,Male,28,csampath@example.org,04297692604,Bokaro,Gujarat,India,2026-07-15
Michael,Deol,Female,43,vgarg@example.com,5806357827,Morbi,Gujarat,India,2025-03-13
Ria,Narula,Female,58,chaitalytoor@example.org,4489229278,Baranagar,Tripura,India,2025-07-20
Samarth,Dhawan,Female,49,charvidatta@example.net,8465767509,Rampur,Maharashtra,India,2022-04-17
Ekbal,Maharaj,Female,44,leela17@example.org,+913680743497,Singrauli,Odisha,India,2026-01-27
Waida,Sama,Female,68,chanchal92@example.com,+916740654516,Danapur,Andhra Pradesh,India,2024-03-23
Krish,Nayak,Male,32,nisha34@example.com,9033712570,Muzaffarnagar,Maharashtra,India,2025-10-08
Ekavir,Uppal,Female,42,fvarkey@example.org,3298417450,Madurai,Tripura,India,2026-07-07
Lila,Sarin,Female,55,qarinmodi@example.com,9126886930,Gulbarga,Goa,India,2021-09-20
Ekalinga,Ratta,Male,37,yramachandran@example.com,1427377870,Jaunpur,Goa,India,2024-03-28
Nimrat,Kulkarni,Male,22,brama@example.org,3389615376,Purnia,Sikkim,India,2024-04-12
Harish,Roy,Male,60,munitanveer@example.org,09210601342,Gorakhpur,Tamil Nadu,India,2023-02-18
Aishani,Pai,Female,64,finnnarayan@example.net,2541573860,Morbi,Uttar Pradesh,India,2023-01-24
Prisha,Amble,Female,55,dasraagini@example.org,08514571976,Coimbatore,Madhya Pradesh,India,2023-11-25
Sara,Bhasin,Male,41,swaminathannathan@example.net,4275701745,Bellary,Goa,India,2022-07-17
Aarav,Divan,Female,56,fmohan@example.org,7267449924,Salem,Himachal Pradesh,India,2024-05-16
Kashvi,Mane,Male,38,advikmunshi@example.com,+915500315528,Munger,Karnataka,India,2025-11-23
Qushi,Wali,Female,50,chowdhuryisaac@example.net,04157934427,Ratlam,Manipur,India,2022-03-24
Mekhala,Varty,Male,29,sodhiwatika@example.org,+917323532643,Jabalpur,Bihar,India,2024-08-06
Abeer,Pandey,Female,50,nilimajhaveri@example.org,01851165859,Bhopal,Andhra Pradesh,India,2026-04-01
Jeevika,Aurora,Female,43,zaidrattan@example.org,+917086729375,Kavali,Odisha,India,2023-06-10
Yoshita,Acharya,Male,51,haritamani@example.com,09187755327,Nadiad,Assam,India,2024-04-30
Ekbal,Khosla,Male,24,yashsahota@example.net,+918894800065,Ambarnath,Chhattisgarh,India,2025-11-03
Vasana,Shroff,Female,29,kapadiafaras@example.net,05533505873,Etawah,Arunachal Pradesh,India,2024-06-07
Azad,Wagle,Female,20,rishi38@example.net,1603056570,Guwahati,Goa,India,2026-01-03
Yahvi,Ahluwalia,Male,20,ranveer11@example.com,+919841864744,Pali,Odisha,India,2023-04-15
Yatan,Sarna,Female,38,ishanvimukhopadhyay@example.com,+918579379482,Panvel,Jharkhand,India,2024-02-11
Turvi,Raj,Female,32,ochhabra@example.org,3862659108,Bareilly,Madhya Pradesh,India,2021-08-01
Azad,Arora,Female,34,bmitra@example.org,4235311464,Farrukhabad,Kerala,India,2021-11-20
Aishani,Malhotra,Female,45,sahniaradhana@example.com,09569611814,Belgaum,West Bengal,India,2022-11-21
Harita,Anne,Male,26,davidbajwa@example.com,01170020477,Gaya,Rajasthan,India,2026-04-12
Ethan,Konda,Female,48,vedika54@example.org,7755357153,Bokaro,Bihar,India,2024-04-15
Krishna,Dass,Female,46,anaysarma@example.net,4039398502,Gandhidham,Jharkhand,India,2024-03-11
Aarush,Raja,Male,47,daksha17@example.net,04860196262,Salem,Himachal Pradesh,India,2021-11-17
Vasatika,Radhakrishnan,Female,61,chadasudiksha@example.com,+917395564569,Tirupati,Nagaland,India,2026-02-17
Nathaniel,Anne,Female,69,gbanerjee@example.com,+918410223412,Patiala,Arunachal Pradesh,India,2026-07-09
Mugdha,Mitra,Male,24,geetika95@example.net,6997219277,Kishanganj,Uttar Pradesh,India,2024-03-10
Qarin,Din,Female,48,vdayal@example.org,03042576241,Pimpri-Chinchwad,Manipur,India,2026-06-19
Edhitha,Sharma,Male,26,sgokhale@example.com,+910465442154,Bokaro,Uttarakhand,India,2022-12-26
Ekaraj,Lall,Male,53,upadhritikar@example.org,9881116578,Nadiad,Andhra Pradesh,India,2022-07-12
William,Mahajan,Male,48,hredhaan41@example.net,+914894315605,Thiruvananthapuram,Goa,India,2023-11-18
Matthew,Kanda,Female,21,zinalperi@example.net,4786166895,Sagar,Andhra Pradesh,India,2025-09-17
Qadim,Sarma,Female,67,lila99@example.com,03405161025,Bidar,Rajasthan,India,2023-02-19
Vasudha,Nadig,Female,44,raaginide@example.com,+913227154408,Kumbakonam,Haryana,India,2024-07-03
Irya,Nigam,Female,59,zachariabalhaar@example.net,1515206077,Secunderabad,Uttar Pradesh,India,2026-05-30
Ekanta,Kala,Female,36,edhitharavel@example.org,7839986734,Mathura,Arunachal Pradesh,India,2025-08-10
Advik,Jayaraman,Male,67,bhatkrish@example.org,08630403856,Ongole,Arunachal Pradesh,India,2024-01-22
Odika,Purohit,Female,59,miteshnaik@example.net,8493712616,Kishanganj,Sikkim,India,2024-06-14
Devansh,Bal,Female,42,rmurty@example.com,03480946051,Maheshtala,Gujarat,India,2024-06-12
Kamya,Contractor,Female,59,mannudant@example.com,8484273308,Dindigul,Uttar Pradesh,India,2026-03-06
Anusha,Kurian,Female,52,fpatla@example.org,+916683924803,Alappuzha,Karnataka,India,2022-04-20
Zaitra,Subramaniam,Male,55,ybajwa@example.com,00527551780,Amroha,Telangana,India,2023-05-11
Balveer,Mahajan,Female,56,omemon@example.org,+917404402436,Adoni,Uttar Pradesh,India,2022-05-06
Ekansh,Ratta,Male,45,ckade@example.net,+913588845948,Kozhikode,Jharkhand,India,2025-03-16
Lakshmi,Dash,Male,66,yauvani37@example.net,0272291134,Mau,Telangana,India,2024-04-07
Utkarsh,Patel,Female,54,waida41@example.net,04917992950,Chandrapur,Bihar,India,2023-09-10
Gavin,Chaudhari,Male,26,ladli24@example.org,6317179068,Bettiah,Gujarat,India,2024-10-21
Pavani,Sethi,Female,60,parthnadkarni@example.org,05718325818,Berhampur,Maharashtra,India,2023-10-03
Aarush,Garde,Female,30,balvan38@example.org,02753566586,Hapur,West Bengal,India,2021-11-11
Michael,Bandi,Male,41,dwalia@example.com,+912157668133,Vasai-Virar,Uttar Pradesh,India,2024-12-08
Turvi,Warrior,Male,47,nganesan@example.net,+915410190864,Agartala,Tamil Nadu,India,2025-12-01
Saksham,Purohit,Male,36,vrishtisandal@example.com,1438357308,Nizamabad,Mizoram,India,2025-06-30
Dhruv,Sidhu,Female,18,hprabhakar@example.com,+914959593150,Tirunelveli,Sikkim,India,2023-09-06
Jhalak,Mohan,Female,35,gunbirbarad@example.org,+912224155828,Tezpur,West Bengal,India,2024-06-25
Netra,Chauhan,Female,42,meeraoommen@example.com,+915934218812,Mumbai,Jharkhand,India,2022-02-28
Zehaan,Bhandari,Female,49,mugdha66@example.net,+913510081610,Ghaziabad,Manipur,India,2024-03-10
Ekapad,Bava,Female,21,vanya22@example.org,+915839072254,Korba,Mizoram,India,2024-10-12
Om,Johal,Female,22,lajitavarty@example.com,0777006914,Barasat,Madhya Pradesh,India,2022-05-10
Yatin,Bose,Male,26,nirja86@example.com,+917759436558,Muzaffarpur,Tamil Nadu,India,2025-02-27
Amaira,Bobal,Female,35,ekanshagarwal@example.com,+916882792715,Kottayam,Uttarakhand,India,2023-03-22
Urvi,Rege,Female,24,yachana54@example.com,5472927219,Proddatur,Odisha,India,2023-12-18
Rachana,Khatri,Male,28,srinivasandarsh@example.net,00244502554,Guwahati,Himachal Pradesh,India,2025-07-17
Anirudh,Vasa,Male,68,qrai@example.org,4305702925,Amaravati,Madhya Pradesh,India,2023-08-17
Finn,Sani,Male,40,lalgirik@example.net,8370436903,Shimla,Rajasthan,India,2023-12-23
Champak,Pau,Male,60,grout@example.com,0578207097,Ahmednagar,Sikkim,India,2023-01-13
Ojas,Ravel,Female,56,vverma@example.net,9540662272,Panchkula,West Bengal,India,2021-12-05
Omisha,Baria,Female,28,isaiah35@example.com,07300411874,Hospet,Himachal Pradesh,India,2022-10-20
Peter,Sanghvi,Male,18,mohammednadig@example.net,+911697791716,Burhanpur,Punjab,India,2025-10-01
Manbir,Shukla,Female,52,isandal@example.com,+910482811459,Durg,Arunachal Pradesh,India,2024-11-26
Mason,Khalsa,Male,52,atwalfalan@example.net,9573656955,Pune,Tamil Nadu,India,2023-01-04
Jagat,Merchant,Male,26,tanmayidoshi@example.net,9459847026,Pallavaram,Assam,India,2025-09-08
Anika,Bhalla,Female,50,pranav28@example.org,03947621156,Asansol,Kerala,India,2025-09-25
Gaurav,Kade,Female,22,bmall@example.com,03659734436,Srikakulam,Bihar,India,2025-08-20
Ubika,Sengupta,Male,49,srivastavakashvi@example.com,09487594081,Jamnagar,Assam,India,2023-11-14
Charan,Shan,Female,25,srinivasananvi@example.net,+914714740135,Kozhikode,Nagaland,India,2022-01-02
Nitara,Soni,Male,42,anusha37@example.org,01276647106,Anantapuram,Andhra Pradesh,India,2023-06-16
Pahal,Krishna,Female,41,shrofffinn@example.org,06729646230,Katni,Jharkhand,India,2024-04-19
Aarini,Parmer,Male,45,hemaniprashad@example.org,02888944583,Thoothukudi,Mizoram,India,2023-04-17
Zaitra,Kakar,Male,68,urvidara@example.org,3572963235,Rajkot,Gujarat,India,2021-09-09
Ganga,Bhardwaj,Female,54,vedant93@example.net,+918050973071,Udaipur,Uttarakhand,India,2025-09-16
Neha,Lad,Male,51,sandalarunima@example.org,+913694944996,Jalandhar,Karnataka,India,2022-11-14
Reyansh,Chada,Male,23,jagdish43@example.org,09552420061,Mira-Bhayandar,Bihar,India,2026-02-23
Sanaya,Jani,Female,69,tanejaurmi@example.com,+913669939884,Tezpur,Kerala,India,2022-08-18
Nathaniel,Kapadia,Male,36,aarinisalvi@example.org,02395128623,Kulti,Maharashtra,India,2025-07-01
Jeremiah,Kapadia,Female,41,ldada@example.org,1326780487,Guna,Bihar,India,2026-03-05
Aryan,Bobal,Male,57,kbhavsar@example.org,00006262696,Bhilai,Nagaland,India,2023-11-14
Tanvi,Bath,Female,37,deelijah@example.org,+914582166371,Gandhinagar,Manipur,India,2025-09-04
Tanish,Lad,Female,66,qbala@example.net,+916494285702,Sambhal,Himachal Pradesh,India,2022-12-18
Osha,Naidu,Male,47,phegde@example.com,00044819508,Bhind,Jharkhand,India,2026-02-08
Nirja,Dara,Female,56,hbala@example.org,+911449198745,Chinsurah,Tripura,India,2022-09-07
Amaira,Malhotra,Male,44,ijayagupta@example.net,+914573329190,Panvel,Madhya Pradesh,India,2025-11-10
Yahvi,Puri,Male,50,zreddy@example.org,04638186887,Amroha,Himachal Pradesh,India,2024-07-30
Ikshita,Manda,Female,56,lbuch@example.net,+915580004040,Etawah,Maharashtra,India,2022-04-14
Luke,Bandi,Male,24,csheth@example.net,8611978088,Dehradun,Bihar,India,2025-08-04
Bachittar,Raman,Male,36,isaac35@example.org,06642503813,Karnal,Manipur,India,2024-02-26
Nitesh,Sami,Male,39,bhavyathaman@example.net,03572527556,Solapur,Andhra Pradesh,India,2026-01-03
Zaid,Balakrishnan,Male,56,arjun67@example.org,9306633386,Bhilwara,Himachal Pradesh,India,2021-10-27
Ekavir,Wali,Female,58,hkhatri@example.org,04501126523,Rohtak,Andhra Pradesh,India,2026-04-29
Panini,Magar,Male,66,tripti36@example.org,5044554659,Bhind,Assam,India,2025-07-03
Ria,Kapur,Male,50,obera@example.com,1497861344,Bhavnagar,West Bengal,India,2026-05-18
Ekantika,Andra,Female,61,sborde@example.com,6485853494,Kharagpur,Bihar,India,2023-08-19
Deepa,Sama,Female,34,anitabhatia@example.com,04073861901,Allahabad,Tamil Nadu,India,2024-06-04
Harish,Char,Male,25,cshetty@example.net,+913192614466,Bhimavaram,Kerala,India,2025-03-22
Udarsh,Tata,Female,28,adya37@example.com,4311611982,Sultan Pur Majra,Telangana,India,2022-09-30
Chandani,Divan,Male,59,yatan60@example.com,04961925103,Saharanpur,Tamil Nadu,India,2022-08-31
Yutika,Master,Female,40,ikbalmore@example.org,+910229161422,Nandyal,Nagaland,India,2024-01-18
Chakradev,Ghose,Female,28,drao@example.org,+913855973946,Sambalpur,Meghalaya,India,2023-04-22
Qadim,Doshi,Male,42,nandinichar@example.net,+916913628213,Jammu,Uttar Pradesh,India,2026-03-06
Urmi,Lal,Female,69,manileela@example.net,+912854387796,South Dumdum,Telangana,India,2026-06-19
Siya,Prakash,Female,57,zgulati@example.org,+910607732466,Nagpur,Tripura,India,2025-07-14
Rudra,Upadhyay,Female,48,nmore@example.org,05314213478,Pondicherry,Haryana,India,2024-06-06
Upadhriti,Guha,Male,60,shanmaanas@example.com,01906745490,Kurnool,Madhya Pradesh,India,2024-06-04
Farhan,Boase,Female,28,zthaker@example.net,5571558451,Silchar,Uttarakhand,India,2026-01-08
Yahvi,Mann,Male,49,hamsini03@example.com,7595579220,Ghaziabad,Madhya Pradesh,India,2021-09-19
Chaaya,Loke,Female,45,chakradhar56@example.org,+912870631904,Tiruvottiyur,Uttarakhand,India,2025-05-01
Bimala,Sanghvi,Male,42,lipika76@example.net,8343149462,Anantapuram,Haryana,India,2024-03-03
Anvi,Goswami,Male,20,chakrabortychakradev@example.org,+913291785082,Allahabad,Himachal Pradesh,India,2023-01-25
Omya,Dugar,Male,28,chakradevkanda@example.net,06777320630,Tenali,Uttar Pradesh,India,2025-01-05
Aashi,Kata,Female,62,advay98@example.net,+911624883128,Bardhaman,Chhattisgarh,India,2022-01-10
Zinal,Hayer,Female,43,kbhattacharyya@example.net,8687848690,Bharatpur,Tamil Nadu,India,2022-06-09
Amol,Bora,Female,29,oviyadhar@example.org,01409942438,Patna,Andhra Pradesh,India,2024-01-18
Zinal,Raj,Female,18,ugarg@example.com,+912959363735,Nagercoil,Tamil Nadu,India,2023-06-29
Kala,Batra,Female,26,esarma@example.net,7419767074,Mira-Bhayandar,Karnataka,India,2023-12-16
Adweta,Nayar,Male,19,dkanda@example.com,9174095408,Morena,Tamil Nadu,India,2022-03-17
Suhani,Loke,Male,59,aryanrout@example.org,+918977113932,Sirsa,Rajasthan,India,2022-10-09
Ojas,Chandra,Female,45,osubramanian@example.org,02660644074,Sambalpur,Punjab,India,2025-01-30
Pavani,Bhatnagar,Female,66,ashanker@example.net,04598877357,Agartala,Sikkim,India,2024-06-13
Ojasvi,Gaba,Female,53,vrittikashyap@example.org,+912030756583,Mau,Goa,India,2026-05-07
Warjas,Nanda,Female,39,tejas29@example.com,+913823791520,Nizamabad,Kerala,India,2022-04-08
Yash,Deshmukh,Male,56,ganesanfiyaz@example.org,+917639588910,Erode,Andhra Pradesh,India,2021-11-30
Bishakha,Chaudhari,Male,61,vasudhagupta@example.net,3263369117,Solapur,Assam,India,2024-02-07
Tanmayi,Sami,Female,25,manbirratti@example.com,01283355796,Bhagalpur,Bihar,India,2024-08-24
Harini,Bera,Female,32,wgera@example.net,+916698579373,Rajpur Sonarpur,Andhra Pradesh,India,2022-09-30
Hardik,Wali,Male,46,wazir77@example.com,3730716602,Malda,Telangana,India,2025-11-28
Warda,Dua,Male,25,mlall@example.net,4895991328,Anantapur,Andhra Pradesh,India,2025-02-20
Tara,Goel,Female,43,zjha@example.net,09696931997,Muzaffarpur,Arunachal Pradesh,India,2022-04-28
Karan,Sagar,Male,43,manbir99@example.com,+910465997281,Arrah,Madhya Pradesh,India,2021-07-23
Raksha,Chand,Male,56,kondadevansh@example.net,01907439636,Dewas,Maharashtra,India,2023-10-09
Hemani,Brar,Female,56,elala@example.org,07281682483,Alappuzha,Chhattisgarh,India,2024-04-07
Kamya,Sen,Female,68,gjayaraman@example.com,+912905306465,Kota,Maharashtra,India,2025-02-05
Unnati,Choudhury,Female,27,rohansastry@example.org,05058074574,Nellore,Chhattisgarh,India,2025-10-11
Gauri,Kale,Male,50,diyawarrior@example.org,+915470205641,Guwahati,Assam,India,2022-11-29
Tanvi,Shanker,Female,51,hpai@example.com,08673473891,Morena,Maharashtra,India,2025-10-10
Arya,Balan,Female,35,upkaardora@example.org,+917413882479,Jammu,Jharkhand,India,2022-04-28
Divya,Nayar,Male,33,anneraghav@example.net,6754875822,Tiruppur,Chhattisgarh,India,2024-12-13
Indali,Bhandari,Male,25,vihaanbobal@example.net,+918953365505,Bhavnagar,Chhattisgarh,India,2023-08-23
Viraj,Ramakrishnan,Male,67,yrao@example.com,05021403394,Ramagundam,Kerala,India,2023-05-07
Gagan,Dalal,Male,20,ychacko@example.org,7948192323,Shivpuri,Uttar Pradesh,India,2023-12-15
Yochana,Nori,Female,55,ramanria@example.net,01991238151,Ghaziabad,Arunachal Pradesh,India,2024-06-30
Mugdha,Randhawa,Male,64,mekhalabrahmbhatt@example.com,2527819916,Munger,Maharashtra,India,2024-04-30
Yochana,Modi,Female,70,triyapant@example.org,03694305151,Katihar,Tripura,India,2022-01-04
Abdul,Koshy,Male,36,yuvrajsethi@example.org,+916731376313,Darbhanga,Karnataka,India,2023-04-05
Vivaan,Panchal,Female,65,malhotrafariq@example.org,+919376483798,Akola,Kerala,India,2023-12-03
Imaran,Mukhopadhyay,Male,35,vinaya46@example.org,+919021033300,Bikaner,Odisha,India,2024-03-09
Ishani,Padmanabhan,Male,53,mangalpavani@example.com,03419677291,Kamarhati,Uttarakhand,India,2022-05-18
Lakshit,Agate,Male,60,krishnasunder@example.com,0531306116,Anand,Nagaland,India,2024-08-22
Anay,Pingle,Male,28,anushadesai@example.org,+915551387711,Bhilai,Haryana,India,2024-04-03
Ekani,Balay,Male,58,chanchalmahajan@example.org,06284896169,Chandrapur,Bihar,India,2022-12-08
Sachi,Sami,Female,68,hema24@example.net,09233070297,Bhiwani,Haryana,India,2025-03-24
Laban,Nath,Male,46,jackson49@example.org,05381838812,Varanasi,Assam,India,2024-01-27
Balhaar,Kannan,Female,21,lbath@example.org,00070558045,Patna,Tamil Nadu,India,2022-08-26
Wridesh,Mistry,Male,36,lankaamol@example.org,+912803608362,Anantapuram,Meghalaya,India,2024-04-27
Vasana,Koshy,Female,48,yashodakrishna@example.net,+915175304234,Saharanpur,Haryana,India,2024-01-14
Darpan,Wali,Female,32,wyatt41@example.com,+912696594715,Ujjain,Assam,India,2023-08-20
Anay,Dixit,Male,50,nsampath@example.net,+917003869115,Pallavaram,Odisha,India,2022-11-09
Onveer,Parmar,Male,23,shivani05@example.net,06807854785,Bhatpara,Manipur,India,2021-12-27
Nirja,Tata,Male,52,xdevan@example.com,+916340823890,Burhanpur,Tripura,India,2024-04-07
Triya,Borra,Male,43,arana@example.net,0640245870,Sagar,Haryana,India,2022-08-17
Aishani,Rout,Female,44,jratta@example.net,5495840667,Mira-Bhayandar,Meghalaya,India,2026-02-15
Amaira,Andra,Male,70,jkorpal@example.com,08479903693,Tenali,Jharkhand,India,2025-12-15
Andrew,Char,Male,62,menonharinakshi@example.org,04413881371,Karimnagar,Uttarakhand,India,2022-09-21
Ekaraj,Kibe,Male,48,upma34@example.com,04944271758,Patna,Chhattisgarh,India,2022-09-06
Rachita,Ghose,Male,31,gaurangnarayan@example.org,+915770267705,Morbi,Tamil Nadu,India,2022-08-16
Edhitha,Radhakrishnan,Female,50,dhriti07@example.net,01177891823,Berhampur,Uttarakhand,India,2021-10-16
Vihaan,Sinha,Female,42,kiaanmishra@example.net,4051466157,Ambattur,Rajasthan,India,2022-03-05
Ikshita,Boase,Female,63,lipika50@example.com,5785020374,Tinsukia,Tamil Nadu,India,2021-07-30
Rachana,Tak,Male,59,sehgalvanya@example.com,01742912557,Mathura,Bihar,India,2022-03-08
Omaja,Dasgupta,Male,39,tanejachaitaly@example.net,5434973026,Bhusawal,Jharkhand,India,2025-01-30
Zinal,Sarkar,Male,38,jnath@example.org,4435694201,Panvel,Punjab,India,2021-12-04
Peter,Peri,Female,24,rsahota@example.com,1556310818,Saharsa,Meghalaya,India,2023-10-23
Anamika,Kala,Male,68,jdin@example.com,2390647125,Bahraich,Kerala,India,2022-06-07
Falak,Saha,Female,40,nisha24@example.net,7639217764,Bikaner,Himachal Pradesh,India,2024-03-03
Vivaan,Mishra,Female,56,bakhshi76@example.com,8061615971,Mau,Goa,India,2026-05-25
Nisha,Mallick,Male,64,ukamdar@example.org,01996494549,Mahbubnagar,Himachal Pradesh,India,2022-04-02
Damyanti,Rege,Female,57,chawlaayushman@example.com,6134826722,Fatehpur,Tripura,India,2021-07-21
Yachana,Devi,Female,46,omyagarg@example.com,6677741537,Bhatpara,Punjab,India,2024-02-19
Oviya,Som,Male,63,upadhritibuch@example.net,07572407927,Dewas,Arunachal Pradesh,India,2024-06-22
Advika,Gade,Male,22,pandeyyagnesh@example.net,7594289150,Nagaon,Punjab,India,2026-02-15
Rudra,Magar,Female,46,udatta@example.net,1702748789,Jabalpur,Manipur,India,2025-03-18
Avi,Gandhi,Male,53,jchaudhuri@example.com,4612517781,Malegaon,Uttar Pradesh,India,2024-06-25
Balendra,Shere,Female,62,chaitanyahans@example.net,5912525959,Raipur,Tamil Nadu,India,2026-07-09
Ganga,Suresh,Male,60,vigaachal@example.org,+917979925905,Bettiah,Bihar,India,2025-12-12
Hemangini,Varty,Male,66,caleb89@example.net,7267303136,Vijayawada,Uttar Pradesh,India,2021-12-30
Abha,Chauhan,Male,60,nitara35@example.net,08633124523,Kharagpur,Sikkim,India,2025-02-03
Upkaar,Zacharia,Male,51,lohitbadami@example.com,5633927233,Siwan,Himachal Pradesh,India,2026-03-07
Bhanumati,Borra,Female,50,qkeer@example.net,00930371638,Belgaum,Assam,India,2022-07-12
Kashvi,Varty,Female,63,sridharyachana@example.org,06357372551,Silchar,Madhya Pradesh,India,2022-09-22
Aachal,Doshi,Female,39,sarkarsneha@example.com,+915000692943,Silchar,Manipur,India,2024-06-17
Netra,Pillai,Female,60,jaggiharita@example.net,+910791551318,Alwar,Bihar,India,2026-01-31
Yamini,Dhillon,Female,58,balveer97@example.net,+915414178441,Aurangabad,Nagaland,India,2023-02-03
Keya,Devan,Female,33,vrittipadmanabhan@example.com,05124140736,Eluru,Arunachal Pradesh,India,2024-06-20
Qabil,Raval,Female,67,cchoudhary@example.net,+911086307870,Ludhiana,Arunachal Pradesh,India,2023-01-02
Sachi,Arya,Male,27,yochanakannan@example.org,+912322037652,Tumkur,Uttar Pradesh,India,2024-04-21
Avi,Swaminathan,Male,28,mannemadhavi@example.org,9272699843,Karimnagar,Uttarakhand,India,2023-05-15
Udarsh,Jha,Male,52,mwalia@example.org,2486991947,Tadipatri,Madhya Pradesh,India,2023-09-06
Tanay,Bala,Female,20,zhora@example.net,01992719542,Anantapur,Mizoram,India,2023-03-17
Viraj,Balay,Female,44,fanand@example.com,+915792942161,Gandhidham,Uttarakhand,India,2023-02-04
Garima,Malhotra,Male,30,laban35@example.net,1302997423,Ahmednagar,Punjab,India,2025-11-09
Alka,Nanda,Male,56,ibhakta@example.org,+916468175617,Bhatpara,West Bengal,India,2023-02-20
Ryan,Sarma,Male,35,gokhalevyanjana@example.com,05097847002,Vasai-Virar,Karnataka,India,2024-06-28
Balhaar,Gour,Female,59,khuranajagvi@example.net,+911612317089,Amritsar,Meghalaya,India,2022-01-11
Gabriel,Mohan,Female,67,kharesamar@example.org,+917416315012,Kalyan-Dombivli,Karnataka,India,2023-05-11
Vansha,Padmanabhan,Female,61,bhanumati81@example.org,09502909802,Bhiwani,Mizoram,India,2023-05-27
Xiti,Bala,Female,57,amrita82@example.com,+916688512312,Vijayawada,Telangana,India,2023-09-09
Nimrat,Mandal,Male,37,adixit@example.net,3056280112,Coimbatore,Goa,India,2025-01-31
Ekani,Choudhary,Female,70,banjeetsrinivas@example.org,1296951527,Pallavaram,Uttarakhand,India,2024-12-18
Qasim,Ranganathan,Female,53,kalalavanya@example.com,06700831537,Jalgaon,West Bengal,India,2025-09-26
Kamya,Date,Female,48,karankamdar@example.com,8455370009,Kakinada,Maharashtra,India,2024-03-19
Aishani,Tiwari,Female,51,katanoah@example.net,02711507177,Srikakulam,Haryana,India,2021-10-25
Vedhika,Nori,Female,33,jonathan10@example.org,+918367859492,Ghaziabad,Madhya Pradesh,India,2025-08-06
Varsha,Gola,Male,58,timothy51@example.org,+916874798555,Akola,Jharkhand,India,2024-10-18
Yamini,Dutta,Male,38,qadimkaul@example.net,4051371113,Mehsana,Uttar Pradesh,India,2025-09-16
Yashasvi,Ramanathan,Male,35,lakshmichar@example.net,+916864957482,Sangli-Miraj & Kupwad,Uttar Pradesh,India,2025-02-28
Aishani,Bail,Female,65,settyriya@example.net,+919981398456,Ludhiana,Manipur,India,2021-09-26
Andrew,Aurora,Female,32,chatresh13@example.com,0242387475,Gorakhpur,Maharashtra,India,2023-02-10
Lohit,Chahal,Male,66,xbrar@example.org,6023943483,Thane,West Bengal,India,2025-03-10
Yatan,Gole,Male,62,qabilsandal@example.org,02006805204,Unnao,West Bengal,India,2023-10-02
Unnati,Saini,Female,47,nagyganga@example.net,+912507320281,Hindupur,Tripura,India,2024-07-07
Tanvi,Barad,Male,64,maniijaya@example.com,+915851561645,Adoni,Assam,India,2023-07-10
Agastya,Vala,Male,57,nakulthakur@example.com,03725887272,Adoni,Manipur,India,2024-03-26
Ijaya,Mand,Male,67,kamya67@example.com,4189581842,Orai,Manipur,India,2022-02-24
Andrew,Atwal,Male,45,wasondayita@example.com,3917994534,Jamshedpur,Arunachal Pradesh,India,2022-03-27
Sarthak,Bobal,Female,36,vorakevin@example.org,3864874188,Mumbai,Jharkhand,India,2023-11-22
Yachana,Goel,Male,57,itandon@example.net,04633719506,Dhanbad,Uttar Pradesh,India,2022-06-20
Aadi,Dada,Female,43,uchandran@example.com,01048174982,Giridih,Andhra Pradesh,India,2023-01-25
Hemal,Mukhopadhyay,Male,33,georgenanda@example.net,8945435445,Berhampur,Karnataka,India,2022-08-05
Onveer,Mukherjee,Female,36,siddharthwable@example.com,00629894722,Khammam,Gujarat,India,2025-08-04
Gaurav,Sabharwal,Male,60,dominickhosla@example.net,9080767793,Gopalpur,Nagaland,India,2022-11-01
Rajeshri,Konda,Male,29,spadmanabhan@example.com,5906716826,Chapra,Mizoram,India,2025-12-07
Dakshesh,Sehgal,Male,44,ikale@example.com,2748915843,Karimnagar,Manipur,India,2025-01-30
Kashish,Trivedi,Male,28,dchauhan@example.org,+916598880398,Ramgarh,Jharkhand,India,2021-09-03
Girik,Shan,Female,36,cchaudhry@example.org,2612273257,Ramgarh,Kerala,India,2024-11-03
Aadhya,Chandran,Male,51,hemang05@example.com,+916243740862,Durg,Tamil Nadu,India,2026-07-07
Darika,Venkataraman,Male,28,chamandalal@example.org,+919317987610,Raichur,Uttarakhand,India,2023-06-07
Christopher,Mohanty,Male,66,ishabumb@example.org,4375110845,Ambarnath,Odisha,India,2024-01-27
Unnati,Mandal,Male,60,anarayan@example.org,+910666629642,Barasat,Andhra Pradesh,India,2026-07-07
Jagdish,Dar,Male,53,kohlimanthan@example.com,03495750879,Parbhani,Tripura,India,2024-03-01
Jagrati,Sanghvi,Male,40,watika24@example.net,02897733002,Kolhapur,Karnataka,India,2025-10-07
Dipta,Varghese,Male,66,hemasathe@example.net,+914280380221,Agra,Madhya Pradesh,India,2026-01-24
Sathvik,Bose,Male,33,wchandra@example.org,01141104770,Mau,Andhra Pradesh,India,2022-09-17
Watika,Sama,Female,63,pthakkar@example.net,4991564676,Pudukkottai,West Bengal,India,2024-02-17
Vyanjana,Korpal,Male,65,indali98@example.net,6930132405,Bidhannagar,Mizoram,India,2024-12-16
Hemal,Magar,Female,68,aayush33@example.com,+913628820274,Tadipatri,Uttar Pradesh,India,2024-09-03
Wahab,Date,Male,28,bakshichaaya@example.com,2871450150,Tiruppur,Tripura,India,2024-12-13
Eiravati,Sethi,Female,33,anya06@example.net,+911569020594,Jehanabad,Mizoram,India,2023-09-03
Eesha,Wadhwa,Female,51,arajan@example.com,09121072371,Bettiah,Andhra Pradesh,India,2023-02-11
Vedant,Dave,Male,67,hratta@example.com,7519611066,New Delhi,Himachal Pradesh,India,2022-05-04
Manthan,Misra,Male,64,binarao@example.org,3572896766,Ozhukarai,Tamil Nadu,India,2022-09-30
Dalaja,Srinivas,Male,31,baradanthony@example.com,+912383689044,Saharsa,Goa,India,2025-09-08
Charles,Sanghvi,Female,33,khoslaanvi@example.com,9506766566,Howrah,Meghalaya,India,2022-07-01
Anika,Upadhyay,Male,39,tataabeer@example.org,00641319919,Sambalpur,Uttarakhand,India,2025-03-02
Hredhaan,Luthra,Male,64,goyalkamala@example.com,+914061225269,Khammam,Uttar Pradesh,India,2023-09-16
Fiyaz,Venkatesh,Male,45,anjali26@example.com,04625990981,Silchar,Tripura,India,2026-05-12
Hiral,Kapur,Female,60,gmalhotra@example.org,2820115084,Hindupur,Haryana,India,2026-04-12
Praneel,Rastogi,Female,25,morarwahab@example.com,06825627672,Amroha,Meghalaya,India,2024-10-15
Elijah,Desai,Male,24,goyalurmi@example.com,9608457037,Burhanpur,Sikkim,India,2024-05-23
Shivansh,Upadhyay,Male,51,ssoman@example.com,+911118003602,Sambalpur,Assam,India,2022-12-31
Unnati,Karnik,Female,51,hardik29@example.net,+912649752734,Sikar,Jharkhand,India,2023-05-11
Yuvraj,Palla,Male,39,wvenkatesh@example.org,+919011373983,Dehradun,Karnataka,India,2021-11-09
Oeshi,Jhaveri,Male,47,patlahritik@example.net,06643366764,Kollam,Uttar Pradesh,India,2022-02-14
Simon,Dey,Male,51,bhattacharyyadhruv@example.com,2543788832,Srinagar,Arunachal Pradesh,India,2025-03-04
Oliver,Prakash,Male,52,petersuresh@example.net,09323949594,Siliguri,Odisha,India,2024-09-10
Alexander,Kaul,Male,40,dakshsahota@example.org,02381578483,Nizamabad,Goa,India,2022-05-18
Neha,Yogi,Male,43,harita19@example.org,00379038310,Bhagalpur,Uttarakhand,India,2024-01-13
Sarthak,Gill,Female,39,raghav12@example.net,+916929905938,Jamnagar,Chhattisgarh,India,2023-02-10
Jyoti,Bhandari,Male,70,kannansneha@example.com,01860583644,Surat,Madhya Pradesh,India,2025-01-26
Balvan,Borde,Female,48,fpadmanabhan@example.net,8924774832,Kadapa,Manipur,India,2025-01-20
Vasana,Kaur,Male,66,bosekashvi@example.com,3521617551,Sirsa,Gujarat,India,2022-05-02
Inaya,Chaudry,Male,61,upadhyayaradhana@example.org,00540768082,Delhi,Telangana,India,2025-02-18
Girish,Vaidya,Male,40,sjoshi@example.org,09758102771,Hyderabad,Nagaland,India,2023-02-15
Meera,Joshi,Male,57,rayharita@example.org,3102801571,Arrah,Tripura,India,2023-04-30
Aachal,Narasimhan,Male,42,reddyjairaj@example.com,0754549947,Katihar,Nagaland,India,2025-04-14
Zansi,Loyal,Male,64,davidmerchant@example.net,+910062918187,Rohtak,Uttar Pradesh,India,2022-11-18
Jyoti,Manda,Female,63,ladlibains@example.org,9609032790,Ongole,Tamil Nadu,India,2023-03-13
Frado,Karpe,Female,47,unagy@example.com,5170644491,Thanjavur,West Bengal,India,2021-08-04
Leena,Yohannan,Male,39,krishvasudha@example.org,+910910531501,Ongole,Madhya Pradesh,India,2023-04-13
Aditya,Nagarajan,Male,19,arjun79@example.net,+912446480202,Mahbubnagar,Nagaland,India,2022-07-26
Harinakshi,Prabhakar,Male,63,hpandit@example.org,+919110547803,Nagaon,West Bengal,India,2024-11-02
Xiti,Agarwal,Female,43,gopaldhawan@example.org,04459938497,Akola,Himachal Pradesh,India,2026-02-21
Ansh,Raghavan,Female,61,anvi44@example.org,+914501054144,South Dumdum,Haryana,India,2022-05-23
Vaishnavi,Ramachandran,Female,18,jalsachadha@example.com,9138537098,Farrukhabad,West Bengal,India,2024-06-05
Mekhala,Patel,Female,38,finn55@example.org,3301455541,Aurangabad,Sikkim,India,2022-07-12
Lipika,Oommen,Male,27,tprabhu@example.org,+914348846244,Tinsukia,Tamil Nadu,India,2022-11-17
Indali,Naik,Female,61,xdash@example.net,+910286095718,Fatehpur,Manipur,India,2023-03-21
Darpan,Pradhan,Female,50,dsama@example.org,+910007610986,Thanjavur,Manipur,India,2023-09-12
Champak,Saini,Female,62,ayushmankoshy@example.org,05422281627,Srikakulam,Andhra Pradesh,India,2025-08-31
